Rocket League,rocket-league,"Linux, macOS, PC, PlayStation 4, Xbox One, Nintendo Switch","Action, Sports",89
Destiny 2,destiny-2,"PlayStation 5, Web, Xbox Series S/X, PC, Xbox One, PlayStation 4","Action, Shooter",14
God of War,god-of-war-2,PlayStation 4,"Action, Adventure",31
Dota 2,dota-2,"Linux, macOS, PC","Action, Massively Multiplayer",42
Metal Gear Solid V: The Phantom Pain,metal-gear-solid-v-the-phantom-pain,"PC, Xbox One, Xbox 360, PlayStation 3, PlayStation 4","Action, Shooter",10
The Walking Dead: Season 1,the-walking-dead,"iOS, macOS, PC, Android, Nintendo Switch, PlayStation 3, Xbox One, PlayStation 4, PS Vita, Xbox 360","Action, Adventure",70
Horizon Zero Dawn,horizon-zero-dawn,"PC, PlayStation 4","Action, Adventure",55
Warframe,warframe,"Xbox Series S/X, PlayStation 5, PC, Nintendo Switch, Xbox One, PlayStation 4","Action, Shooter",47
Rise of the Tomb Raider,rise-of-the-tomb-raider,"PC, Xbox One, PlayStation 4, macOS","Action, Platformer",90
Half-Life 2: Lost Coast,half-life-2-lost-coast,"PC, Linux, macOS",Action,24
Terraria,terraria,"Nintendo 3DS, Linux, macOS, Android, Nintendo Switch, iOS, Xbox 360, PS Vita, PlayStation 4, Xbox One, Wii U, PlayStation 3, PC","Action, Indie",64
Metro 2033,metro-2033,"PC, Xbox 360","Action, Shooter",61
The Witcher 2: Assassins of Kings Enhanced Edition,the-witcher-2-assassins-of-kings-enhanced-edition,"PC, Xbox 360",RPG,27
Batman: Arkham Knight,batman-arkham-knight,"PC, Xbox One, PlayStation 4",Action,84
Hitman,hitman,"Linux, macOS, PC, Xbox One, PlayStation 4","Action, Shooter",45
Middle-earth: Shadow of Mordor,shadow-of-mordor,"Linux, PC, macOS, PlayStation 3, Xbox 360, PlayStation 4, Xbox One","Action, RPG",81
Half-Life 2: Episode One,half-life-2-episode-one,"PC, macOS, Android, Xbox 360, Linux","Action, Shooter",75
BioShock 2,bioshock-2,"PlayStation 4, PC, Nintendo Switch, Xbox One, PlayStation 3, Xbox 360, macOS","Action, Shooter",74
Mirror's Edge,mirrors-edge,"PC, PlayStation 3, Xbox 360","Action, Platformer",18
Uncharted 4: A Thief’s End,uncharted-4-a-thiefs-end,PlayStation 4,"Action, Adventure",19
Call of Duty: Black Ops III,cod-black-ops-iii,"PC, PlayStation 4, Xbox 360, Xbox One, PlayStation 3","Action, Shooter",83
Assassin's Creed Odyssey,assassins-creed-odyssey,"Nintendo Switch, PC, Xbox One, PlayStation 4","Action, RPG",87
Dragon Age: Origins,dragon-age-origins,"Xbox One, PC, PlayStation 3, Xbox 360, macOS",RPG,100
Grand Theft Auto III,grand-theft-auto-iii,"PC, iOS, Android, macOS, PlayStation 4, PlayStation 2, Xbox","Action, Adventure",15
SOMA,soma,"Linux, macOS, PC, PlayStation 4, Xbox One","Action, Adventure",1
Counter-Strike: Condition Zero,counter-strike-condition-zero,"PC, Linux, macOS",Action,7
Call of Duty: Black Ops,call-of-duty-black-ops,"PlayStation 3, Nintendo DS, PC, macOS, iOS, Xbox 360, Wii, Xbox One","Action, Shooter",76
Unturned,unturned,"PlayStation 4, Xbox One, Linux, PC, macOS","Action, Shooter",78
Lara Croft and the Temple of Osiris,lara-croft-and-the-temple-of-osiris,"PC, Xbox One, PlayStation 4","Action, Adventure",96
DiRT Rally,dirt-rally,"PC, Linux, macOS, Xbox One, PlayStation 4","Simulation, Sports",36
Star Wars Jedi: Fallen Order,jedi-the-fallen-order,"PlayStation 4, PC, Xbox One","Action, Adventure",69
Thief,thief,"PC, macOS, Xbox One, PlayStation 4, PlayStation 3, Xbox 360","Action, Adventure",99
Hitman 2,hitman-2,"PC, PlayStation 4, Xbox One","Action, Shooter",22
South Park: The Stick of Truth,south-park-the-stick-of-truth,"PC, PlayStation 3, Xbox One, Xbox 360, PlayStation 4, Nintendo Switch","Adventure, RPG",2
Batman: Arkham City,batman-arkham-city-2,"macOS, Wii U, PlayStation 4, PlayStation 3, Xbox One, PC, Xbox 360","Action, Adventure",54
XCOM 2,xcom-2,"PC, Nintendo Switch, Linux, PlayStation 4, macOS","RPG, Strategy",39
The Binding of Isaac,the-binding-of-isaac,"PC, macOS","Action, RPG",73
Cuphead,cuphead,"PlayStation 4, Nintendo Switch, PC, Xbox One","Action, Indie",92
Homefront,homefront,"PC, Xbox 360, PlayStation 3","Action, Shooter",97
DmC: Devil May Cry,dmc-devil-may-cry-2,"PC, Xbox 360, PlayStation 3, Xbox One, PlayStation 4",Action,59
Evolve Stage 2,evolve-stage-2,PC,Action,28
Max Payne 2: The Fall of Max Payne,max-payne-2-the-fall-of-max-payne,"PC, Xbox, PlayStation 2, Xbox 360","Action, Adventure",49
Saints Row: Gat Out of Hell,saints-row-gat-out-of-hell,"Linux, PC, Xbox One, PlayStation 4, PlayStation 3, Xbox 360","Action, Shooter",23
Hades,hades-2018,"PC, Nintendo Switch","Action, Adventure",58
Days Gone,days-gone,"PC, PlayStation 4","Action, Adventure",94
Battlerite,battlerite,PC,Action,32
Mass Effect: Andromeda,mass-effect-andromeda,"Xbox One, PC, PlayStation 4","Action, RPG",62
Company of Heroes: Opposing Fronts,warhammer-40000-dawn-of-war-game-of-the-year-editi,PC,Strategy,6
"Warhammer 40,000: Dawn of War - Game of the Year Edition",company-of-heroes-opposing-fronts,PC,"Action, Strategy",77
The Vanishing of Ethan Carter,the-vanishing-of-ethan-carter,"Nintendo Switch, PC, PlayStation 4, Xbox One","Action, Adventure",4
Disco Elysium,disco-elysium,"PC, macOS","Adventure, RPG",41
STAR WARS Jedi Knight - Jedi Academy,star-wars-jedi-knight-jedi-academy,"macOS, PC, Xbox One, Xbox, PlayStation 4, Nintendo Switch, Xbox 360","Action, Shooter",80
Tomb Raider: Legend,tomb-raider-legend,"PC, Xbox 360, Xbox, PlayStation 3, PlayStation 2, GameCube, PSP","Action, Adventure",79
Clicker Heroes,clicker-heroes,"macOS, iOS, PC, Android, Xbox One, PlayStation 4","Adventure, RPG",17
Final Fantasy VII,final-fantasy-vii,"iOS, PlayStation, Android, PlayStation 4, PlayStation 3, Xbox One, PlayStation 2, Nintendo Switch, PS Vita, PSP, PC","Action, Adventure",3
SteamWorld Dig,steamworld-dig,"Linux, PC, macOS, PS Vita, Xbox One, Wii U, PlayStation 4, Nintendo Switch, Nintendo 3DS","Action, Adventure",35
STRIDER,strider,"PC, Xbox 360, Xbox One, Wii, PlayStation 3, PlayStation 4","Action, Adventure",65
ARK: Survival Of The Fittest,ark-survival-of-the-fittest,"Android, PC, iOS, Linux, macOS","Action, RPG",95
Serious Sam HD:  The First Encounter,serious-sam-hd-tfe,"PC, Xbox 360","Action, Shooter",30
Gothic Playable Teaser,gothic-playable-teaser,PC,RPG,66
Jotun: Valhalla Edition,jotun,"macOS, Linux, PC, Xbox One, Nintendo Switch, PlayStation 4","Action, Indie",86
Minecraft,minecraft,"iOS, Android, PS Vita, Xbox 360, Wii U, PlayStation 4, Nintendo Switch, macOS, PC, Xbox One, PlayStation 3, Linux, Nintendo 3DS","Action, Simulation",43
Dead Cells,dead-cells,"iOS, PC, Nintendo Switch, Xbox One, PlayStation 4","Action, RPG",46
Race Driver: Grid,grid,"PC, Xbox One, PlayStation 3, Xbox 360, Nintendo DS","Action, Simulation",56
Jet Set Radio,jet-set-radio-2012,"PS Vita, PlayStation 3, Dreamcast, Game Boy Advance, Android, Xbox 360, PC, iOS","Action, Sports",34
The Legend of Zelda: Breath of the Wild,the-legend-of-zelda-breath-of-the-wild,"Nintendo Switch, Wii U","Action, Adventure",44
Hitman: Blood Money,hitman-blood-money,"PC, Xbox 360, PlayStation 3, PlayStation 2, Xbox","Action, Shooter",26
SUPERHOT,superhot,"macOS, PC, Web, Linux, Nintendo Switch, Xbox One, PlayStation 4","Action, Shooter",8
Dragon Age: Inquisition,dragon-age-inquisition,"PC, PlayStation 3, Xbox 360, Xbox One, PlayStation 4","Action, RPG",53
Borderlands Game of the Year Enhanced,borderlands-game-of-the-year-enhanced,"PC, PlayStation 4, Xbox One","Action, Shooter",93
Team Fortress Classic,team-fortress-classic,"Linux, macOS, PC",Action,60
Divinity: Original Sin 2,divinity-original-sin-2,"PlayStation 4, Xbox One, PC","RPG, Strategy",13
Deus Ex: Game of the Year Edition,deus-ex-game-of-the-year-edition,"PC, PlayStation 3, PlayStation 2, macOS","Action, Shooter",67
LEGO The Lord of the Rings,lego-lord-of-the-rings,"PC, Android, iOS, PS Vita, Wii, Nintendo DS, PlayStation 3, Nintendo 3DS, Xbox 360","Action, Casual",25
Little Nightmares,little-nightmares,"PC, Nintendo Switch, Xbox One, PlayStation 4","Action, Platformer",20
Hacknet,hacknet,"macOS, PC, Linux","Simulation, Indie",71
Devil May Cry 5,devil-may-cry-5,"PC, Xbox One, PlayStation 4",Action,51
Fallout Shelter,fallout-shelter,"Nintendo Switch, PC, iOS, Android, Xbox One, PlayStation 4","RPG, Simulation",88
Assassin's Creed Syndicate,assassins-creed-syndicate-2,"PC, PlayStation 4, Xbox One",Action,38
The Playroom,the-playroom,PlayStation 4,Arcade,5
Kane and Lynch: Dead Men,kane-and-lynch-dead-men,"PC, Xbox 360, PlayStation 3","Action, Shooter",12
Teleglitch: Die More Edition,teleglitch-die-more-edition,"Linux, PC, macOS","Action, Indie",40
Dishonored: Death of the Outsider,dishonored-death-of-the-outsider,"PC, PlayStation 4, Xbox One",Action,82
My Friend Pedro,my-friend-pedro,"PlayStation 4, Xbox One, PC, Nintendo Switch","Action, Shooter",98
Fractured Space,fractured-space,PC,"Action, Strategy",85
OKAMI HD / 大神 絶景版,okami-hd-da-shen-jue-jing-ban,"PlayStation 4, PC, Xbox One, PlayStation 3, Nintendo Switch","Action, Adventure",9
Killzone Shadow Fall,killzone-shadow-fall,PlayStation 4,Shooter,52
Hawken,hawken,"PC, Xbox One, PlayStation 4","Action, Shooter",21
Poker Night at the Inventory,poker-night-at-the-inventory,"PC, macOS","Sports, Casual",57
Deiland,deiland,"Android, macOS, PC, iOS, PlayStation 4","Adventure, RPG",33
Endless Legend,endless-legend,"macOS, PC","RPG, Strategy",16
Hard Reset Extended Edition,hard-reset-extended-edition,PC,"Action, Indie",29
Legend of Grimrock,legend-of-grimrock,"PC, macOS, iOS, Linux","Adventure, RPG",50
Call of Duty: Ghosts,call-of-duty-ghosts,"PC, Xbox One, Wii U, Xbox 360, PlayStation 4, PlayStation 3","Action, Shooter",63
Grow Home,grow-home,"PC, iOS, Xbox 360, Nintendo Switch, Linux, macOS, PS Vita, PlayStation 4, PlayStation 3, Xbox One","Adventure, Casual",68
Skullgirls,skullgirls,"PlayStation 3, PC, Xbox 360","Action, Adventure",72
Dead Island Riptide,dead-island-riptide,"PC, Xbox","Action, Shooter",91
Serious Sam 2,serious-sam-2,"PC, Linux, PlayStation 4","Action, Indie",48
7 Days to Die,7-days-to-die,"macOS, PC, Linux, Xbox One, PlayStation 4","Shooter, RPG",37
Star Wars: Republic Commando,star-wars-republic-commando-2,"PC, PlayStation 5, Nintendo Switch, PlayStation 4, Xbox 360, Xbox One, Xbox","Action, Shooter",11
Killer is Dead - Nightmare Edition,killer-is-dead-nightmare-edition,PC,Action,89
Shadow of the Colossus (2011),shadow-of-the-colossus,PlayStation 3,Action,14
Prison Architect,prison-architect-all-day-and-a-psych,"PlayStation 4, Linux, PC, macOS, Xbox One, Nintendo Switch","Strategy, Simulation",31
DiRT Showdown,dirt-showdown,"PC, PlayStation 3, Xbox 360","Action, Racing",42
Rust,rust,"Xbox One, macOS, PC, Linux","Action, Shooter",10
The Outer Worlds,the-outer-worlds,"PC, PlayStation 4, Nintendo Switch, Xbox One","Action, Shooter",70
Euro Truck Simulator 2,euro-truck-simulator-2,"macOS, PC, Linux","Simulation, Indie",55
Monaco: What's Yours Is Mine,monaco-whats-yours-is-mine,"PC, Linux, macOS, Xbox 360","Action, Strategy",47
DOOM Eternal,doom-eternal,"PC, Nintendo Switch, PlayStation 4, Xbox One","Action, Shooter",90
Broken Age,broken-age,"Linux, macOS, PC, iOS, Xbox One, Android, PS Vita, PlayStation 4, Nintendo Switch","Adventure, Casual",24
BattleBlock Theater,battleblock-theater,"Xbox One, Linux, PC, macOS, Xbox 360","Action, Adventure",64
Burnout Paradise: The Ultimate Box,burnout-paradise-the-ultimate-box,PC,"Racing, Arcade",61
The Evil Within,the-evil-within,"PC, Xbox One, PlayStation 3, PlayStation 4, Xbox 360","Action, Shooter",27
The Swapper,the-swapper,"Linux, PC, macOS, Xbox One, Wii U, PlayStation 4, PS Vita, PlayStation 3","Action, Adventure",84
Star Wars: Battlefront II (2017),star-wars-battlefront-2,"PC, PlayStation 4, Xbox One","Action, Shooter",45
Dying Light: The Following - Enhanced Edition,dying-light-the-following-enhanced-edition,"macOS, Linux, PC, Xbox One, PlayStation 4","Action, RPG",81
POSTAL 2,postal-2,"PC, Linux, macOS","Action, Shooter",75
Wolfenstein: The Old Blood,wolfenstein-the-old-blood,"PC, Xbox One, PlayStation 4","Action, Shooter",74
The Flame in the Flood,the-flame-in-the-flood,"macOS, PC, Nintendo Switch, PlayStation 4, Xbox One","Action, Simulation",18
SMITE,smite,"PC, macOS, Xbox One, PlayStation 4, Nintendo Switch",Action,19
Mass Effect 2,mass-effect-2,"Xbox One, PC, PlayStation 3, Xbox 360","Action, RPG",83
Wolfenstein: The New Order,wolfenstein-the-new-order,"PC, PlayStation 3, Xbox 360, PlayStation 4, Xbox One","Action, Shooter",87
Cyberpunk 2077,cyberpunk-2077,"Xbox Series S/X, PlayStation 5, PlayStation 4, Xbox One, PC","Action, Adventure",100
Half-Life,half-life,"PC, Linux, macOS, PlayStation 2","Action, Shooter",15
Dead Space,dead-space,"Xbox One, PC, PlayStation 3, Xbox 360","Action, Shooter",1
Hitman: Absolution,hitman-absolution,"PC, macOS, Xbox 360, PlayStation 3","Action, Shooter",7
Injustice: Gods Among Us Ultimate Edition,injustice-gods-among-us-ultimate-edition,"PC, PS Vita, PlayStation 4, Xbox 360, PlayStation 3","Action, Arcade",76
Hollow Knight,hollow-knight,"Linux, macOS, PC, Xbox One, PlayStation 4, Nintendo Switch","Action, Indie",78
Bastion,bastion,"Linux, PC, iOS, Xbox One, macOS, Xbox 360, Nintendo Switch, PS Vita, PlayStation 4","Action, Adventure",96
Half-Life Deathmatch: Source,half-life-deathmatch-source,"PC, Linux, macOS",Action,36
Mass Effect,bloodborne,PlayStation 4,"Action, RPG",69
Path of Exile,mass-effect,"Xbox One, PC, PlayStation 3, Xbox 360","Action, RPG",99
Bloodborne,path-of-exile,"PC, PlayStation 4, Xbox One","Action, RPG",22
Assassin’s Creed IV: Black Flag,assassins-creed-iv-black-flag,"PC, Nintendo Switch, PlayStation 3, Xbox One, PlayStation 4, Xbox 360, Wii U",Action,2
Garry's Mod,garrys-mod,"macOS, PC, Linux","Action, Adventure",54
Metal Gear Solid V: Ground Zeroes,metal-gear-solid-v-ground-zeroes,"PC, Xbox 360, Xbox One, PlayStation 3, PlayStation 4","Action, Shooter",39
For Honor,for-honor,"PC, Xbox One, PlayStation 4","Action, Massively Multiplayer",73
Dishonored,dishonored,"PC, Xbox 360, Xbox One, PlayStation 3, PlayStation 4","Action, Shooter",92
Borderlands: The Pre-Sequel,borderlands-the-pre-sequel,"PlayStation 4, Linux, PC, Nintendo Switch, Android, macOS, PlayStation 3, Xbox 360","Action, Shooter",97
XCOM: Enemy Unknown,xcom-enemy-unknown,"PC, macOS, PlayStation 3, Xbox 360, Android, iOS",Strategy,59
Far Cry 4,far-cry-4,"PC, Xbox 360, PlayStation 3, Xbox One, PlayStation 4",Shooter,28
Sekiro: Shadows Die Twice,shadows-die-twice,"PlayStation 4, PC, Xbox One","Action, RPG",49
Tom Clancy's Rainbow Six Siege,tom-clancys-rainbow-six-siege-2,"PlayStation 5, PC, Xbox Series S/X, PlayStation 4, Xbox One","Action, Shooter",23
Grim Fandango Remastered,grim-fandango-remastered,"Xbox One, PC, Android, macOS, Linux, iOS, PS Vita, PlayStation 4, Nintendo Switch","Adventure, Puzzle",58
Castle Crashers,castle-crashers,"PC, macOS, PlayStation 3, Xbox 360","Action, Indie",94
Wolfenstein 2: The New Colossus,wolfenstein-2-the-new-colossus,"PC, Nintendo Switch, PlayStation 4, Xbox One","Action, Shooter",32
Deus Ex: Human Revolution,deus-ex-human-revolution,"PC, Xbox One, Xbox 360, PlayStation 3, macOS","Action, RPG",62
Guacamelee! Super Turbo Championship Edition,guacamelee-super-turbo-championship-edition,"PC, Nintendo Switch, Wii U, Xbox 360, Xbox One, PlayStation 4","Action, Indie",6
Battlefield 1,battlefield-1,"PC, PlayStation 4, Xbox One","Action, Shooter",77
Dead Space 2,dead-space-2,"Xbox One, PC, Xbox 360, PlayStation 3","Action, Shooter",4
Don't Starve,dont-starve,"PC, Nintendo Switch, macOS, Xbox One, PlayStation 4",Indie,41
Fallout 3,fallout-3,"PC, Xbox One, Xbox 360, PlayStation 3","Shooter, RPG",80
Quake Champions,quake-champions,PC,Massively Multiplayer,79
Ori and the Blind Forest,ori-and-the-blind-forest,"PC, Xbox One, Xbox 360","Adventure, Platformer",17
Torchlight II,torchlight-ii,"PC, macOS, Linux, Xbox One, Nintendo Switch, PlayStation 4","Action, RPG",3
Fall Guys: Ultimate Knockout,fall-guys,"Xbox Series S/X, Xbox One, Nintendo Switch, PC, PlayStation 4","Action, Sports",35
FTL: Faster Than Light,ftl-faster-than-light,"Linux, PC, macOS, iOS","Strategy, Simulation",65
Middle-earth: Shadow of War,middle-earth-shadow-of-war,"Android, PlayStation 4, PC, Xbox One","Action, RPG",95
Sniper Elite V2,sniper-elite-v2,"PC, Nintendo Switch, Wii U, Xbox 360, PlayStation 3","Action, Shooter",30
STAR WARS - Knights of the Old Republic,star-wars-knights-of-the-old-republic-2,"macOS, PC, iOS, Android, Xbox, Xbox One, Xbox 360","Action, RPG",66
World of Goo,world-of-goo,"macOS, Android, Linux, PC, iOS, Wii, Nintendo Switch","Strategy, Educational",86
Mass Effect 3,mass-effect-3,"Xbox 360, PlayStation 3, Xbox One, PC, Wii U","Action, RPG",43
Human: Fall Flat,human-fall-flat,"Linux, macOS, PC, iOS, Android, PlayStation 4, Xbox One, Nintendo Switch","Action, Indie",46
Satellite Reign,satellite-reign,"macOS, Linux, PC","Action, Strategy",56
Call of Duty: Modern Warfare Remastered,call-of-duty-modern-warfare-remastered,"PC, Xbox One, PlayStation 4","Action, Shooter",34
Sonic Mania,sonic-mania,"PC, Xbox One, Nintendo Switch, PlayStation 4","Action, Adventure",44
Lara Croft and the Guardian of Light,lara-croft-gol,"PC, iOS, Android, Xbox 360, PlayStation 3","Action, Adventure",26
Resident Evil Revelations 2 / Biohazard Revelations 2,max-payne,"PC, Nintendo Switch, Xbox One, PlayStation 4, Xbox 360, PlayStation 3, PS Vita","Action, Adventure",8
Max Payne,re-revelations-2,"Xbox, Classic Macintosh, Game Boy Advance, Android, PlayStation 2, PC, PlayStation 4, iOS, PlayStation 3, Xbox 360","Action, Shooter",53
Minion Masters,minion-masters,"PC, Xbox One","Action, Strategy",93
RAGE,rage,"Xbox One, PC, Xbox 360, PlayStation 3","Action, Shooter",60
Darksiders II Deathinitive Edition,darksiders-ii-deathinitive-edition,"PC, Nintendo Switch, PlayStation 4, Xbox One","Action, RPG",13
Shadow Warrior (2013),the-long-dark,"Linux, macOS, PC, Xbox One, PlayStation 4","Action, Adventure",67
HELL YEAH! Wrath of the Dead Rabbit,hell-yeah-wrath-of-the-dead-rabbit,"PC, PlayStation 3, Xbox 360","Action, Arcade",25
Red Faction: Armageddon,shadow-warrior,"PC, iOS, macOS, Linux, PlayStation 4, Xbox One","Action, Shooter",20
Outland,red-faction-armageddon,"PC, PlayStation 3, Xbox 360","Action, Shooter",71
The Long Dark,outland,"Linux, PC, macOS, Xbox 360, PlayStation 3","Action, Adventure",51
Metro: Last Light,metro-last-light,"PC, PlayStation 3, Xbox 360","Action, Shooter",88
Machinarium,machinarium,"Android, PC, iOS, Xbox One, macOS, PlayStation 3, PlayStation 4, PS Vita, Linux, Nintendo Switch","Adventure, Family",38
Divinity: Original Sin,divinity-original-sin,"macOS, PC","RPG, Strategy",5
Far Cry,far-cry,"Xbox One, PC, Xbox 360, PlayStation 3","Action, Shooter",12
LittleBigPlanet,littlebigplanet,"PSP, PlayStation 3","Action, Arcade",40
Serious Sam: The Second Encounter,pid,"macOS, PC, Xbox 360, PlayStation 3","Action, Adventure",82
ARMA: Cold War Assault,serious-sam-the-second-encounter,PC,"Action, Shooter",98
Prince of Persia: The Sands of Time,arma-cold-war-assault,PC,"Action, Strategy",85
Assassin's Creed 2 Deluxe Edition,prince-of-persia-the-sands-of-time,"Xbox, GameCube, PlayStation 3, PC, PlayStation 2","Action, Adventure",9
Pid,assassins-creed-2-deluxe-edition,"macOS, PC","Action, Adventure",52
Tomb Raider II,tomb-raider-ii,"Android, iOS, PlayStation, PSP, PC, PS Vita, Classic Macintosh, PlayStation 3","Action, Shooter",21
Shank 2,shank-2,"Linux, macOS, PC, PlayStation 3, Xbox 360","Action, Adventure",57
ENSLAVED: Odyssey to the West Premium Edition,enslaved-odyssey-to-the-west-premium-edition,"PC, PlayStation 3, Xbox 360","Action, Adventure",33
Sid Meier's Civilization IV,sid-meiers-civilization-iv,"PC, macOS",Strategy,16
Mirror's Edge Catalyst,mirrors-edge-catalyst,"PC, PlayStation 4, Xbox One","Action, Adventure",29
DRIVECLUB,driveclub,PlayStation 4,"Simulation, Racing",50
Crash Bandicoot 3: Warped,into-the-breach,"PC, Nintendo Switch, macOS","RPG, Strategy",63
STAR WARS - Dark Forces,crash-bandicoot-warped,"PSP, PlayStation 3, PlayStation, PS Vita","Action, Adventure",68
Into the Breach,star-wars-dark-forces-2,"PC, Linux, PlayStation, Classic Macintosh, PlayStation 3, PSP","Action, Shooter",72
>observer_,observer_,"Linux, macOS, PC, Nintendo Switch, Xbox One, PlayStation 4","Adventure, Indie",91
Battlefield V,battlefield-v,"PlayStation 4, Xbox One, PC","Action, Shooter",48
Gothic,gothic-1,PC,"Action, RPG",37
Divine Divinity,divine-divinity,"PC, macOS","Action, RPG",11
STAR WARS - The Force Unleashed Ultimate Sith Edition,costume-quest,"Xbox One, iOS, PC, macOS, Linux, PlayStation 3, Xbox 360","Action, Adventure",89
Pixel Puzzles Ultimate,star-wars-the-force-unleashed-ultimate-sith-editio,"PC, macOS, PlayStation 2, PSP",Action,14
Ashes of the Singularity: Escalation,pixel-puzzles-ultimate,PC,"Casual, Indie",31
Costume Quest,ashes-of-the-singularity-escalation,PC,"RPG, Strategy",42
Bulletstorm: Full Clip Edition,bulletstorm-full-clip-edition,"Nintendo Switch, Xbox One, PC, PlayStation 4","Action, Adventure",10
Thief 3: Deadly Shadows,thief-3-deadly-shadows,PC,"Action, Simulation",70
Two Worlds Epic Edition,two-worlds-epic-edition,"Linux, PC, macOS",RPG,55
Overlord: Raising Hell,overlord-raising-hell,"Linux, macOS, PC, Xbox 360, PlayStation 3",RPG,47
Geneshift,realm-royale,"Nintendo Switch, PC, Xbox One, PlayStation 4",Action,90
Realm Royale,geneshift,"Linux, PC","Action, RPG",24
World of Tanks,world-of-tanks,"PC, Xbox One, PlayStation 4, Xbox 360","Action, Shooter",64
Dark Souls II,dark-souls-ii,"PC, Xbox One, PlayStation 4, PlayStation 3, Xbox 360","Action, RPG",61
DOOM II,doom-ii,"PlayStation 4, PC, Nintendo Switch, iOS, macOS, Xbox 360, Classic Macintosh, Game Boy Advance","Action, Shooter",27
Hero Siege,hero-siege,"PC, Linux, macOS","Action, Adventure",84
The Ship: Murder Party,the-ship-murder-party,PC,"Action, RPG",45
Alice: Madness Returns,alice-madness-returns,"Xbox One, PC, PlayStation 3, Xbox 360","Action, Adventure",81
The Ship: Single Player,the-ship-single-player,PC,"Action, RPG",75
DiRT Rally 2.0,dirt-rally-20,"PC, Xbox One, PlayStation 4","Simulation, Sports",74
Mafia III: Definitive Edition,mafia-iii-definitive-edition,"PlayStation 4, Xbox One, PC","Action, Adventure",18
Little Inferno,little-inferno,"PC, iOS, Android, macOS, Linux, Wii U, Nintendo Switch","Adventure, Simulation",19
Saints Row 2,saints-row-2,"Xbox One, Linux, PC, PlayStation 3, Xbox 360","Action, Shooter",83
Call of Duty: Modern Warfare 2,modern-warfare-2,"PC, macOS, PlayStation 3, Xbox 360","Action, Shooter",87
Deus Ex: Human Revolution - Director's Cut,deus-ex-human-revolution-directors-cut,"macOS, PC, Wii U, Xbox 360, PlayStation 3","Action, RPG",100
Dead Island,dead-island,"PC, PlayStation 3, Xbox 360","Action, Shooter",15
Titanfall 2,titanfall-2,"PC, Xbox One, PlayStation 4","Action, Shooter",1
Shadow of the Tomb Raider,shadow-of-the-tomb-raider,"Linux, macOS, PC, PlayStation 4, Xbox One","Action, Adventure",7
Killing Floor,killing-floor,"Linux, PC, macOS",Action,76
Resident Evil 5,resident-evil-5-biohazard-5,"PC, PlayStation 4, Nintendo Switch, PlayStation 3, Xbox One, Xbox 360","Action, Shooter",78
Darksiders Warmastered Edition,darksiders-warmastered-edition,"PC, Nintendo Switch, Wii U, PlayStation 4, Xbox One","Action, RPG",96
The Last Of Us,the-last-of-us,PlayStation 3,"Action, Adventure",36
Undertale,undertale,"Linux, macOS, PC, PS Vita, PlayStation 4, Nintendo Switch","RPG, Indie",69
The Bureau: XCOM Declassified,the-bureau-xcom-declassified,"PC, macOS, PlayStation 3, Xbox 360","Action, Shooter",99
Magicka,magicka,"PC, Android","Action, RPG",22
Far Cry 5,far-cry-5,"PlayStation 4, PC, Xbox One","Action, Shooter",2
Amnesia: A Machine for Pigs,amnesia-a-machine-for-pigs,"Linux, PC, macOS","Action, Adventure",54
Total War: SHOGUN 2,total-war-shogun-2,"Linux, macOS, PC",Strategy,39
Assassin's Creed Origins,assassins-creed-origins,"PC, Xbox One, PlayStation 4","Action, RPG",73
Chivalry: Medieval Warfare,chivalry-medieval-warfare,"PC, Linux, macOS, PlayStation 4, PlayStation 3, Xbox 360, Xbox One","Action, Indie",92
Rayman Legends,rayman-legends,"PC, PS Vita, PlayStation 4, Wii U, Xbox One, Xbox 360, PlayStation 3, Nintendo Switch",Platformer,97
Shadowrun Returns,shadowrun-returns,"PC, Linux, iOS, Android, macOS","RPG, Strategy",59
Binary Domain,binary-domain,"PC, PlayStation 3, Xbox 360","Action, Shooter",28
Valiant Hearts: The Great War,valiant-hearts-the-great-war,"iOS, Android, Xbox One, PC, PlayStation 3, PlayStation 4, Xbox 360, Nintendo Switch","Adventure, RPG",49
Metro Exodus,metro-exodus,"PlayStation 4, PC, Xbox One","Action, Shooter",23
Grand Theft Auto: Episodes from Liberty City,grand-theft-auto-episodes-from-liberty-city,"PC, PlayStation 3, Xbox 360","Action, Shooter",58
The Binding of Isaac: Rebirth,the-binding-of-isaac-rebirth,"PC, iOS, Nintendo 3DS, macOS, Linux, Wii U, PS Vita, Nintendo Switch, Xbox One, PlayStation 4","Action, RPG",94
Neverwinter,neverwinter,"PC, Xbox One, PlayStation 4","Action, RPG",32
Resident Evil 2 (1998),resident-evil-2,"PC, Game Boy Advance, Dreamcast, PlayStation, GameCube, Nintendo 64, PlayStation 3, PSP, PS Vita, Xbox One","Action, Adventure",62
Among Us,among-us,"PC, iOS, Nintendo Switch, Android","Action, Simulation",6
Rogue Legacy,rogue-legacy,"PS Vita, PC, iOS, PlayStation 4, PlayStation 3, Xbox 360, Nintendo Switch","Action, RPG",77
Crysis 2 - Maximum Edition,crysis-2-maximum-edition,PC,Action,4
Subnautica,subnautica,"Nintendo Switch, PC, macOS, Xbox One, PlayStation 4","Adventure, Indie",41
Assassin's Creed,assassins-creed,"Xbox One, Xbox 360, PC, PlayStation 3","Action, Adventure",80
Battlefield 3,battlefield-3,"PC, PlayStation 3, Xbox One, Xbox 360","Action, Shooter",79
Medal of Honor,medal-of-honor,"PlayStation 3, PC, Xbox 360","Action, Shooter",17
F.E.A.R.,fear,"PC, Xbox 360, PlayStation 3","Action, Shooter",3
Ryse: Son of Rome,ryse-son-of-rome,"PC, Xbox One","Action, Adventure",35
Spelunky,spelunky,"PC, PlayStation 3, Xbox 360, PlayStation 4, PS Vita","Indie, Platformer",65
Resident Evil 2,resident-evil-2-2019,"PC, PlayStation 4, Xbox One","Action, Shooter",95
Fallout 2: A Post Nuclear Role Playing Game,fallout-2-a-post-nuclear-role-playing-game,"PC, macOS",RPG,30
Killing Floor 2,killing-floor-2,"PC, Xbox One, PlayStation 4",Action,66
Grand Theft Auto V,grand-theft-auto-v,"PC, Xbox Series S/X, PlayStation 5, PlayStation 4, PlayStation 3, Xbox 360, Xbox One","Action, Adventure",86
Portal 2,portal-2,"Xbox One, PlayStation 3, PC, Xbox 360, Linux, macOS","Shooter, Puzzle",43
The Witcher 3: Wild Hunt,the-witcher-3-wild-hunt,"PC, Xbox One, Nintendo Switch, PlayStation 4","Action, Adventure",46
Tomb Raider (2013),tomb-raider,"PC, PlayStation 4, PlayStation 3, Xbox 360, Xbox One, macOS","Action, Adventure",56
The Elder Scrolls V: Skyrim,the-elder-scrolls-v-skyrim,"PC, PlayStation 3, Xbox 360, Nintendo Switch","Action, RPG",34
Left 4 Dead 2,left-4-dead-2,"PC, Xbox 360","Action, Shooter",44
Borderlands 2,borderlands-2,"PC, PlayStation 3, Xbox 360, PlayStation 4, macOS, Xbox One","Action, Shooter",26
BioShock Infinite,bioshock-infinite,"PC, Nintendo Switch, Linux, PlayStation 3, PlayStation 4, Xbox 360, Xbox One","Action, Shooter",8
Portal,portal,"macOS, Android, PC, Linux, PlayStation 3, Xbox 360","Action, Adventure",53
Life is Strange,life-is-strange-episode-1-2,"Android, Xbox 360, iOS, macOS, Linux, Xbox One, PlayStation 4, PC, PlayStation 3",Adventure,93
Counter-Strike: Global Offensive,counter-strike-global-offensive,"PC, Xbox 360, PlayStation 3","Action, Shooter",60
BioShock,bioshock,"Xbox One, PC, PlayStation 4, PlayStation 3, macOS, iOS, Xbox 360","Action, Shooter",13
Half-Life 2,half-life-2,"Android, Linux, Xbox, macOS, PC, Xbox 360","Action, Shooter",67
Limbo,limbo,"PC, iOS, Xbox One, Linux, macOS, Android, Xbox 360, PlayStation 3, PlayStation 4, Nintendo Switch, PS Vita","Action, Adventure",25
Red Dead Redemption 2,red-dead-redemption-2,"PC, Xbox One, PlayStation 4","Action, Adventure",20
Team Fortress 2,team-fortress-2,"PC, Linux, macOS","Action, RPG",71
DOOM (2016),doom,"PC, Nintendo Switch, PlayStation 4, Xbox One","Action, Shooter",51
Fallout 4,fallout-4,"PC, Xbox One, PlayStation 4","Action, Shooter",88
PAYDAY 2,payday-2,"PC, Linux, Xbox One","Action, Adventure",38
Grand Theft Auto IV,grand-theft-auto-iv,"PC, Xbox One, PlayStation 3, Xbox 360","Action, Shooter",5
Fable III,fable-3,"Xbox One, PC, Xbox 360","Action, RPG",12
Fallout Tactics: Brotherhood of Steel,fallout-tactics-brotherhood-of-steel,PC,"RPG, Strategy",40
Her Story,her-story,"iOS, Android, PC, macOS","Adventure, Simulation",82
Darksiders III,darksiders-iii,"PC, Xbox One, PlayStation 4","Action, Adventure",98
Day of the Tentacle Remastered,day-of-the-tentacle-remastered,"Linux, PC, iOS, Xbox One, macOS, PS Vita, PlayStation 4","Adventure, Family",85
Antichamber,antichamber,"PC, Linux, macOS","Indie, Puzzle",9
Everlasting Summer,everlasting-summer,"PC, Linux, macOS, Android, iOS",Indie,52
"Warhammer 40,000: Dawn of War II",warhammer-40k-dawn-of-war-ii,"PC, Linux, macOS","RPG, Strategy",21
Totally Accurate Battlegrounds,totally-accurate-battlegrounds,PC,"Action, Shooter",57
RUINER,ruiner,"Linux, PC, Nintendo Switch, macOS, Xbox One, PlayStation 4","Action, Shooter",33
The Sims 4,the-sims-4,"PC, macOS, Xbox One, PlayStation 4","Strategy, Simulation",16
Arma 2: Operation Arrowhead,arma-2-operation-arrowhead,PC,"Action, Strategy",29
Hyper Light Drifter,hyper-light-drifter,"Linux, macOS, iOS, PC, PlayStation 4, Xbox One, Nintendo Switch","Action, Adventure",50
Dear Esther: Landmark Edition,dear-esther-landmark-edition,"macOS, PC, PlayStation 4, Xbox One","Adventure, Casual",63
Aegis Defenders,aegis-defenders,"PC, macOS, PlayStation 4, Nintendo Switch","Action, Adventure",68
The Last Guardian,the-last-guardian,PlayStation 4,"Action, Adventure",72
Titan Souls,titan-souls,"macOS, PC, PlayStation 4, PS Vita","Action, Indie",91
South Park: The Fractured but Whole,south-park-the-fractured-but-whole,"PC, PlayStation 4, Xbox One, Nintendo Switch","Adventure, RPG",48
Hellblade: Senua's Sacrifice VR Edition,hellblade-senuas-sacrifice-vr-edition,PC,"Action, Adventure",37
Far Cry Primal,far-cry-primal,"PC, Xbox One, PlayStation 4","Action, Shooter",11
Shadow Warrior 2,shadow-warrior-2,"PC, PlayStation 4, Xbox One","Action, Shooter",89
Slay the Spire,slay-the-spire,"Android, iOS, Linux, PC, Xbox One, macOS, Nintendo Switch, PlayStation 4","RPG, Strategy",14
TERA,tera,"PlayStation 4, PC, Xbox One","Action, RPG",31
LEGO Marvel Super Heroes,lego-marvel,"iOS, Android, macOS, PC, Xbox One, PlayStation 4, PlayStation 3, PS Vita, Wii U, Xbox 360","Action, Adventure",42
Grim Dawn,grim-dawn,PC,"Action, RPG",10
Tom Clancy's Splinter Cell: Conviction,tom-clancys-splinter-cell-conviction,"Xbox One, Android, PlayStation 3, Xbox 360, macOS, PC","Action, Adventure",70
ARK: Survival Evolved,ark-survival-evolved,"iOS, Linux, PC, macOS, Xbox One, PlayStation 4, Nintendo Switch","Action, Adventure",55
Trials Fusion,trials-fusion,"PC, Xbox One, Xbox 360, PlayStation 4",Racing,47
The Uncertain: Episode 1 - The Last Quiet Day,the-uncertain-episode-1-the-last-quiet-day,"macOS, PC","Adventure, Indie",90
Nioh,nioh,"PlayStation 3, PC, PlayStation 4","Action, RPG",24
Elite Dangerous,elite-dangerous,"macOS, PC, Xbox One, PlayStation 4","Action, Adventure",64
Outlast 2,outlast-2,"Xbox One, PC, PlayStation 4, Nintendo Switch","Action, Adventure",61
Valkyria Chronicles,valkyria-chronicles,"PC, Xbox 360, Linux, macOS, PlayStation 3, Android, iOS","Action, RPG",27
Dungeon Defenders,dungeon-defenders,"PC, Nintendo Switch, PlayStation 4, PlayStation 3","Action, RPG",84
Gears of War,gears-of-war,"Xbox One, PC, Xbox 360","Action, Shooter",45
Dark Messiah of Might & Magic,dark-messiah-of-might-magic,"PC, Xbox 360","Action, Shooter",81
Kane & Lynch 2: Dog Days,kane-lynch-2-dog-days,"PC, PlayStation 3, Xbox 360","Action, RPG",75
This is the Police,this-is-the-police,"Android, Linux, PC, macOS, iOS, Xbox One, PlayStation 4, Nintendo Switch","Adventure, Strategy",74
Beholder,beholder,"Linux, PC, iOS, Android, macOS, PlayStation 4, Xbox One, Nintendo Switch","Adventure, RPG",18
The Incredible Adventures of Van Helsing,the-incredible-adventures-of-van-helsing,"PC, macOS, Xbox One","Action, RPG",19
No Man's Sky,no-mans-sky,"PC, PlayStation 4, Xbox One","Action, Adventure",83
"Papers, Please",papers-please,"macOS, Linux, PC, iOS, PS Vita","Simulation, Indie",87
Ori and the Blind Forest: Definitive Edition,ori-and-the-blind-forest-definitive-edition,"PC, Nintendo Switch, Xbox 360, Xbox One","Adventure, Platformer",100
inFAMOUS Second Son,infamous-second-son,PlayStation 4,Action,15
Resident Evil 7: Biohazard,resident-evil-7-biohazard,"PlayStation 4, Xbox One, PC","Action, Shooter",1
Control,control,"Xbox Series S/X, PlayStation 5, PC, PlayStation 4, Xbox One","Action, Shooter",7
Watch Dogs 2,watch_dogs-2,"PC, PlayStation 4, Xbox One","Action, Adventure",76
Half-Life: Opposing Force,half-life-opposing-force,"PC, macOS, Linux",Action,78
Half-Life: Blue Shift,half-life-blue-shift,"Linux, PC, macOS, Dreamcast",Action,96
Alan Wake's American Nightmare,alan-wakes-american-nightmare,"Xbox One, PC, Xbox 360","Action, Shooter",36
Broforce,broforce,"PC, macOS, Linux, PlayStation 4, Nintendo Switch","Action, Indie",69
War Thunder,war-thunder,"macOS, Linux, PC, PlayStation 4, Xbox One","Action, Shooter",99
PAYDAY The Heist,payday-the-heist,"PC, PlayStation 3","Action, Shooter",22
The Last of Us Part II,the-last-of-us-part-2,"PlayStation 4, PlayStation 5","Action, Shooter",2
Call of Duty: WWII,call-of-duty-wwii,"PC, PlayStation 4, Xbox One","Action, Shooter",54
Brawlhalla,brawlhalla,"iOS, PC, macOS, Nintendo Switch, PlayStation 4, Xbox One","Action, Casual",39
Goat Simulator,goat-simulator,"PC, Linux, macOS, iOS, Android, PlayStation 4, Xbox One, Xbox 360, PlayStation 3","Action, Simulation",73
Call of Duty: Modern Warfare 3,call-of-duty-modern-warfare-3,"PC, macOS, iOS, PlayStation 3, Wii, Xbox 360, Xbox One","Action, Shooter",92
Assassin's Creed Unity,assassins-creed-unity-2,"PC, Xbox One, PlayStation 4",Action,97
Mafia III,mafia-iii,"macOS, PC, PlayStation 4, Xbox One","Action, Adventure",59
Far Cry 2,far-cry-2-fortunes-edition,"Xbox One, PlayStation 3, PC, Xbox 360","Action, Shooter",28
Uncharted: The Lost Legacy,uncharted-the-lost-legacy,PlayStation 4,"Action, Adventure",49
Oxenfree,oxenfree,"macOS, Android, Linux, PC, iOS, PlayStation 4, Xbox One, Nintendo Switch","Adventure, RPG",23
F.E.A.R. 3,fear-3,"PC, Xbox 360, PlayStation 3","Action, Shooter",58
LEGO The Hobbit,lego-the-hobbit,"PC, macOS, PS Vita, PlayStation 4, Wii U, Xbox One, Xbox 360, PlayStation 3, Nintendo 3DS","Action, Adventure",94
Dark Souls II: Scholar of the First Sin,dark-souls-ii-scholar-of-the-first-sin,"PC, Xbox One, PlayStation 4","Action, RPG",32
Overlord,overlord,"Linux, PC, macOS, Xbox 360","Action, RPG",62
Resident Evil,resident-evil,"Nintendo Switch, PlayStation, Xbox 360, PC, GameCube, Xbox One, PlayStation 4, PlayStation 3","Action, Adventure",6
Deponia,deponia,"Nintendo Switch, macOS, PC, iOS, Linux, Xbox One, PlayStation 4","Adventure, RPG",77
Gone Home,gone-home,"iOS, Linux, macOS, PlayStation 4, Nintendo Switch, PC","Adventure, Indie",4
Celeste,celeste,"macOS, PC, Linux, PlayStation 4, Xbox One, Nintendo Switch","Indie, Platformer",41
The Talos Principle,the-talos-principle,"Linux, macOS, PC, iOS, Nintendo Switch, Android, PlayStation 4, Xbox One","Adventure, Indie",80
Pillars of Eternity,pillars-of-eternity,"Linux, PC, macOS, PlayStation 4, Xbox One",RPG,79
F.E.A.R. 2: Project Origin,fear-2-project-origin,"PC, PlayStation 3, Xbox 360","Action, Shooter",17
The Elder Scrolls Online: Tamriel Unlimited,the-elder-scrolls-online-tamriel-unlimited,"macOS, PC, Xbox One, PlayStation 4","Action, RPG",3
STAR WARS Battlefront,star-wars-battlefront,"PC, Xbox One, PlayStation 4","Action, Shooter",35
Fallout 3: Game of the Year Edition,fallout-3-game-of-the-year-edition,"PC, PlayStation 3, Xbox 360","Action, RPG",65
Sins of a Solar Empire: Rebellion,sins-of-a-solar-empire-rebellion,PC,"Strategy, Indie",95
Persona 5,persona-5,"PlayStation 4, PlayStation 3","Action, Adventure",30
Red Faction Guerrilla,red-faction-guerrilla-2,"PC, Nintendo Switch, Xbox 360, PlayStation 3","Action, Shooter",66
Spec Ops: The Line,spec-ops-the-line,"PC, Xbox One, PlayStation 3, Xbox 360","Action, Shooter",86
Half-Life 2: Episode Two,half-life-2-episode-two,"macOS, PC, Android, Xbox 360, Linux",Shooter,43
The Witcher: Enhanced Edition Director's Cut,the-witcher-enhanced-edition-directors-cut,"PC, macOS","Action, RPG",46
Grand Theft Auto: San Andreas,grand-theft-auto-san-andreas,"Xbox, macOS, PC, iOS, Xbox One, Android, PlayStation 3, Xbox 360, PlayStation 2","Action, Adventure",56
Hotline Miami,hotline-miami,"Nintendo Switch, Linux, PC, PS Vita, PlayStation 4, Xbox One","Action, Shooter",34
Deus Ex: Mankind Divided,deus-ex-mankind-divided,"Linux, PC, PlayStation 4, Xbox One, macOS","Action, RPG",44
Amnesia: The Dark Descent,amnesia-the-dark-descent,"PC, Linux, macOS","Action, Adventure",26
Alan Wake,alan-wake,"PC, Xbox One, Xbox 360","Action, Shooter",8
Outlast,outlast,"Linux, PC, macOS, Nintendo Switch, Xbox One, PlayStation 4","Action, Adventure",53
Saints Row: The Third,saints-row-the-third,"Xbox One, PC, Linux, PlayStation 3, Xbox 360","Action, Adventure",93
Half-Life 2: Deathmatch,half-life-2-deathmatch,"macOS, PC, Linux",Action,60
Marvel's Spider-Man,marvels-spider-man,PlayStation 4,"Action, Adventure",13
Super Meat Boy,super-meat-boy,"PC, Linux, Android, macOS, Xbox 360, Web, Wii U, PlayStation 4, PS Vita, Nintendo Switch","Action, Indie",67
BioShock Remastered,bioshock-remastered,"Nintendo Switch, PC, macOS, Xbox One, PlayStation 4",Shooter,25
Borderlands,borderlands,"PlayStation 3, PC, Nintendo Switch, Xbox One, Xbox 360","Action, Shooter",20
L.A. Noire,la-noire,"PlayStation 4, PC, Xbox One, PlayStation 3, Nintendo Switch, Xbox 360","Action, Adventure",71
The Last Of Us Remastered,the-last-of-us-remastered,PlayStation 4,"Action, Adventure",51
Sid Meier's Civilization V,civilization-v,"Linux, macOS, PC",Strategy,88
Far Cry 3,far-cry-3,"PC, PlayStation 3, Xbox 360, PlayStation 4, Xbox One","Action, Shooter",38
Dark Souls III,dark-souls-iii,"PC, Xbox One, PlayStation 4","Action, RPG",5
Dark Souls: Prepare To Die Edition,dark-souls-prepare-to-die-edition,PC,"Action, RPG",12
What Remains of Edith Finch,what-remains-of-edith-finch,"PC, Nintendo Switch, PlayStation 4, Xbox One","Adventure, Indie",40
The Walking Dead: Season 2,the-walking-dead-season-2,"Nintendo Switch, macOS, PC, iOS, Android, Xbox 360, PlayStation 4, Xbox One, PlayStation 3, PS Vita","Action, Adventure",82
Sleeping Dogs,sleeping-dogs,"Xbox 360, PC, PlayStation 3","Action, Adventure",98
Until Dawn,until-dawn,"PlayStation 3, PlayStation 4","Action, Adventure",85
This War of Mine,this-war-of-mine,"Android, iOS, PC, Linux, macOS, Nintendo Switch","Adventure, Simulation",9
BEYOND: Two Souls,beyond-two-souls,"PlayStation 4, PC, PlayStation 3","Action, Adventure",52
A Story About My Uncle,a-story-about-my-uncle,"Linux, macOS, PC","Adventure, Arcade",21
Company of Heroes,company-of-heroes,"iOS, PC","RPG, Strategy",57
Batman: Arkham Asylum,batman-arkham-asylum,"macOS, PlayStation 4, PlayStation 3, Xbox One, PC, Xbox 360","Action, Adventure",33
The Witness,the-witness,"PC, iOS, macOS, Android, PlayStation 4, Xbox One","Adventure, Indie",16
"Warhammer 40,000: Space Marine",warhammer-40000-space-marine,"PC, Xbox 360, PlayStation 3","Action, Shooter",29
Kingdom: Classic,kingdom-classic,"PC, macOS, Linux","Strategy, Simulation",50
Overcooked,overcooked,"PC, Xbox One, PlayStation 4","Simulation, Arcade",63
Resident Evil 4,resident-evil-4,"Xbox 360, Wii, Wii U, PC, Xbox One, PlayStation 2, Nintendo Switch, Android, iOS, GameCube, PlayStation 4, PlayStation 3","Action, Shooter",68
Oddworld: Abe's Oddysee,oddworld-abes-oddysee,"PC, PlayStation, Android, Game Boy, PSP, PS Vita, PlayStation 3","Action, Platformer",72
Darksiders II,darksiders-ii,"Wii U, PC, Xbox 360, PlayStation 3","Action, RPG",91
Kingdom Come: Deliverance,kingdom-come-deliverance,"PC, Xbox One, PlayStation 4","Action, Adventure",48
Call of Duty: Black Ops II,cod-black-ops-ii,"PlayStation 3, PC, Xbox 360, Xbox One, Wii U","Action, Shooter",37
Tom Clancy’s The Division,tom-clancys-the-division,"PC, PlayStation 4, Xbox One","Action, Shooter",11
GRID 2,grid-2,"PC, macOS, Xbox 360, PlayStation 3","Sports, Racing",89
Red Dead Redemption,red-dead-redemption,"Xbox One, PlayStation 3, Xbox 360","Action, Shooter",14
Cities: Skylines,cities-skylines,"Linux, macOS, PC, Nintendo Switch, Xbox One, PlayStation 4","Strategy, Simulation",31
Saints Row IV,saints-row-iv,"Xbox One, PC, Linux, Xbox 360, PlayStation 4, PlayStation 3","Action, Adventure",42
Trine 2: Complete Story,trine-2-complete-story,"macOS, Linux, PC, Nintendo Switch, PlayStation 4","Action, Indie",10
NieR:Automata,nierautomata,"PC, Xbox One, PlayStation 4","Action, RPG",70
Firewatch,firewatch,"Xbox One, macOS, PC, Linux, PlayStation 4, Nintendo Switch","Adventure, Simulation",55
Metro 2033 Redux,metro-2033-redux,"PC, Nintendo Switch, macOS, Linux, Xbox One, PlayStation 4","Action, Shooter",47
Batman: Arkham Origins,fez,"macOS, PC, iOS, Linux, PS Vita, PlayStation 3, PlayStation 4, Xbox 360","Action, Adventure",90
Alien: Isolation,batman-arkham-origins,"PC, PlayStation 3, Xbox 360","Action, Adventure",24
The Stanley Parable,alien-isolation,"Nintendo Switch, PlayStation 4, PC, Xbox One",Action,64
FEZ,the-stanley-parable,"PC, Linux, macOS","Adventure, Indie",61
The Wolf Among Us,the-wolf-among-us,"Android, PC, iOS, Xbox One, macOS, PS Vita, PlayStation 4, Xbox 360",Adventure,27
Crusader Kings II,crusader-kings-ii,"PC, Linux, macOS","Strategy, Simulation",84
Monster Hunter: World,monster-hunter-world-2,"PlayStation 4, PC, Xbox One","Action, Adventure",45
Viscera Cleanup Detail: Shadow Warrior,viscera-cleanup-detail-shadow-warrior,"PC, macOS","Action, Simulation",81
INSIDE,inside,"iOS, PC, Nintendo Switch, Xbox One, PlayStation 4","Action, Adventure",75
Insurgency,insurgency,"Linux, PC, macOS","Action, Shooter",74
Assassin’s Creed III,assassins-creed-iii-2,"PC, Wii U, Xbox 360, PlayStation 3, Xbox One, PlayStation 4",Action,18
Paladins,paladins,"PC, macOS, Nintendo Switch, PlayStation 4, Xbox One","Action, Shooter",19
Grand Theft Auto: Vice City,grand-theft-auto-vice-city,"macOS, PC, iOS, Android, PlayStation 2, PlayStation 3, PlayStation 4, Xbox","Action, Adventure",83
Prey (2017),fallout-new-vegas,"PC, PlayStation 4, Xbox One","Action, Shooter",87
Fallout: New Vegas,brutal-legend,"Xbox One, PlayStation 4, PlayStation 3, PC, Xbox 360","Action, Shooter",100
Brutal Legend,journey,"Xbox One, macOS, iOS, Linux, PC, Xbox 360, PlayStation 3","Action, Strategy",15
Journey,hellblade-senuas-sacrifice,"iOS, PC, PlayStation 4, PlayStation 3","Adventure, Family",1
Hellblade: Senua's Sacrifice,prey,"PlayStation 4, Nintendo Switch, PC, Xbox One","Action, Adventure",7
Just Cause 3,just-cause-3,"PC, Xbox One, PlayStation 4","Action, Shooter",76
Detroit: Become Human,detroit-become-human,"PC, PlayStation 4","Action, Adventure",78
Just Cause 2,just-cause-2,"PC, Xbox One, Xbox 360, PlayStation 3","Action, Shooter",96
Mad Max,mad-max,"PC, Linux, Xbox 360, macOS, Xbox One, PlayStation 4","Action, Adventure",36
Counter-Strike: Source,counter-strike-source,"PC, Linux, macOS",Shooter,69
Mortal Kombat X,mortal-kombat-x,"PC, Android, iOS, Xbox One, PlayStation 4","Action, Fighting",99
Company of Heroes 2,company-of-heroes-2,"Linux, macOS, PC","Strategy, Simulation",22
Stardew Valley,stardew-valley,"Android, iOS, PS Vita, PlayStation 4, Linux, macOS, PC, Xbox One, Nintendo Switch","RPG, Simulation",2
Don't Starve Together,dont-starve-together,"PC, Linux, macOS, Xbox One, PlayStation 4","Action, Simulation",54
SEGA Mega Drive and Genesis Classics,sega-mega-drive-and-genesis-classics,"PC, Nintendo Switch, Xbox One, Linux, macOS, PlayStation 4","Action, Adventure",39
The Darkness II,the-darkness-ii,"macOS, PC, Xbox One, Xbox 360, PlayStation 3",Action,73
Brothers: A Tale of Two Sons,brothers-a-tale-of-two-sons-2,"PC, iOS, Android, PlayStation 4, Xbox 360, Nintendo Switch, PlayStation 3, Xbox One","Adventure, Indie",92
Transistor,transistor,"Linux, macOS, PC, iOS, Nintendo Switch, PlayStation 4","Action, RPG",97
Darksiders,darksiders,"Xbox One, PC, Xbox 360, PlayStation 3",Action,59
Child of Light,child-of-light,"PC, Xbox 360, Wii U, Xbox One, PlayStation 3, PlayStation 4, PS Vita, Nintendo Switch","RPG, Indie",28
Halo: The Master Chief Collection,halo-the-master-chief-collection,"PC, Xbox One","Action, Adventure",49
Serious Sam Fusion 2017 (beta),serious-sam-fusion-2017-beta,"Linux, macOS, PC","Action, Indie",23
Murdered: Soul Suspect,murdered-soul-suspect,"PC, Xbox One, PlayStation 4, PlayStation 3, Xbox 360","Action, Adventure",58
Divinity: Original Sin - Enhanced Edition,divinity-original-sin-enhanced-edition,"macOS, Linux, Xbox One, PlayStation 4, PC","RPG, Indie",94
Trine Enchanted Edition,trine-enchanted-edition,"Linux, macOS, PC, Nintendo Switch","Action, Arcade",32
Titan Quest Anniversary Edition,titan-quest-anniversary-edition,PC,"Action, RPG",62
Remember Me,remember-me,"Xbox 360, PC, PlayStation 3","Action, Platformer",6
Destiny,destiny,"Xbox One, PlayStation 3, PlayStation 4, Xbox 360","Action, Shooter",77
Tales from the Borderlands,tales-from-the-borderlands,"macOS, iOS, Nintendo Switch, Xbox One, Android, PC, Xbox 360, PlayStation 3, PlayStation 4, PS Vita",Adventure,4
Half-Life: Source,half-life-source,"Linux, macOS, PC",Action,41
Yakuza 0,yakuza-0,"Xbox One, PlayStation 3, PC, PlayStation 4","Action, RPG",80
Sid Meier’s Civilization VI,civilization-vi,"macOS, PC, iOS, PlayStation 4, Xbox One, Linux, Nintendo Switch","Strategy, Simulation",79
Dust: An Elysian Tail,dust-an-elysian-tail,"Linux, macOS, PC, iOS, PlayStation 4, Xbox 360, Nintendo Switch","Action, RPG",17
STAR WARS Knights of the Old Republic II - The Sith Lords,kotor-ii,"Linux, PC, Android, macOS, Xbox 360, Xbox","Adventure, RPG",3
Endless Space - Collection,endless-space-emperor-edition,"macOS, PC",Strategy,35
Orwell: Keeping an Eye On You,orwell,"Linux, macOS, iOS, Android, PC","Adventure, Simulation",65
Far Cry 3: Blood Dragon,far-cry-3-blood-dragon-2,"PC, Xbox One, PlayStation 3, Xbox 360",Shooter,95
Metal Gear Rising: Revengeance,metal-gear-rising-revengeance,"PC, Xbox One, Xbox 360, PlayStation 3",Action,30
Serious Sam 3: BFE,serious-sam-3-bfe,"Linux, macOS, PC, PlayStation 3, Xbox 360","Action, Shooter",66
Unreal Gold,unreal-gold,PC,"Action, Shooter",86
Tropico 3,tropico-3,"PC, Xbox 360","Strategy, Simulation",43
Tropico 5,tropico-5,"Linux, PC, macOS, PlayStation 4, Xbox 360","RPG, Strategy",46
Tomb Raider: Anniversary,tomb-raider-anniversary,"PlayStation 2, PC, macOS, iOS, Wii, Xbox 360, PSP","Action, Adventure",56
Rayman Origins,rayman-origins,"Xbox One, PlayStation 3, macOS, PC, Wii, iOS, Xbox 360, Nintendo 3DS, PS Vita","Action, Arcade",34
Mount & Blade: Warband,mount-blade-warband,"macOS, Android, Linux, PC, Xbox One, PlayStation 4","Action, RPG",44
Diablo III: Reaper of Souls,diablo-iii-reaper-of-souls,"PC, Xbox 360, Xbox One, PlayStation 4, PlayStation 3, macOS","Action, RPG",26
Dota Underlords,dota-underlords,"Linux, macOS, PC, iOS, Android","Strategy, Board Games",8
Serious Sam: The First Encounter,serious-sam-the-first-encounter,PC,"Action, Shooter",53
Lord of the Rings: War in the North,lord-of-the-rings-war-in-the-north,"PC, PlayStation 3, Xbox 360","Action, RPG",93
Arma 2,arma-2,PC,"Action, Strategy",60
Need For Speed: Hot Pursuit,need-for-speed-hot-pursuit-2,"PC, Nintendo Switch, iOS, Android, Wii, PlayStation 3, Xbox 360","Action, Sports",13
Risk of Rain,risk-of-rain,"Linux, macOS, PC, Xbox One, Nintendo Switch, PlayStation 4, PS Vita","Action, Indie",67
inFAMOUS First Light,infamous-first-light,PlayStation 4,Action,25
Sniper Elite 3,sniper-elite-3,"Nintendo Switch, PC, Xbox One, PlayStation 3, PlayStation 4, Xbox 360","Action, Shooter",20
Super Mario Odyssey,super-mario-odyssey,Nintendo Switch,"Arcade, Platformer",71
Oddworld: New 'n' Tasty,oddworld-new-n-tasty,"Linux, macOS, PC, Nintendo Switch, iOS, Android, Xbox One, Wii U, PS Vita, PlayStation 3, PlayStation 4","Action, Adventure",51
The Expendabros,the-expendabros,"macOS, PC","Action, Indie",88
Call of Juarez Gunslinger,call-of-juarez-gunslinger,"Xbox One, PC, PlayStation 3, Xbox 360","Action, Shooter",38
Loadout,loadout,"PC, PlayStation 4","Action, Indie",5
Prototype,prototype,"PC, PlayStation 4, PlayStation 3, Xbox One, Xbox 360","Action, Adventure",12
Halo 3,halo-3,"Xbox One, PC, Xbox 360",Shooter,40
Duke Nukem Forever,duke-nukem-forever,"Xbox One, PC, iOS, macOS, Xbox 360, PlayStation 3","Action, Shooter",82
Dino D-Day,dino-d-day,PC,"Action, Indie",98
Game Dev Tycoon,game-dev-tycoon,"iOS, Linux, PC, macOS, Android","Strategy, Simulation",85
How to Survive,how-to-survive,"PC, Wii U, Xbox 360, PlayStation 4, Xbox One, PlayStation 3","Action, Adventure",9
Red Faction Guerrilla Re-Mars-tered,red-faction-guerilla-re-mars-tered,"PC, Nintendo Switch, Xbox One, PlayStation 4","Action, Shooter",52
No More Room in Hell,no-more-room-in-hell,"Linux, macOS, PC","Action, Indie",21
Stealth Inc 2: A Game of Clones,stealth-inc-2-game-of-clones,"Android, PC, Wii U, Xbox One, PlayStation 3, PlayStation 4, PS Vita","Action, Adventure",57
Besiege,besiege,"Linux, macOS, PC","Strategy, Simulation",33
AdVenture Capitalist,adventure-capitalist,"Linux, iOS, Android, PC, macOS, PlayStation 4","Simulation, Board Games",16
Guns of Icarus Alliance,guns-of-icarus-alliance,"Linux, macOS, PC","Action, Simulation",29
Condemned: Criminal Origins,condemned-criminal-origins,"PC, Xbox 360",Action,50
Crash Bandicoot,crash-bandicoot,"Android, PlayStation, PS Vita, PlayStation 3, PSP","Action, Adventure",63
EVE Online,eve-online,"PC, macOS, Linux","Action, RPG",68
Marvel Heroes,marvel-heroes-omega,"macOS, PC, Xbox One, PlayStation 4","Action, RPG",72
STAR WARS: The Force Unleashed II,star-wars-the-force-unleashed-2,"Xbox 360, PC, PlayStation 3, Xbox One, Nintendo DS, Wii","Action, Adventure",91
"Invisible, Inc.",invisible-inc,"iOS, Nintendo Switch, PC, macOS, Linux, PlayStation 4","Adventure, Strategy",48
Sonic & All-Stars Racing Transformed,sonic-all-stars-racing-transformed,"Xbox One, PC, PlayStation 3, PS Vita, Wii U, Xbox 360, Nintendo 3DS, Android, iOS","Sports, Racing",37
Headsnatchers,headsnatchers,"PlayStation 4, Nintendo Switch, PC","Action, Sports",11
Crash Bandicoot N. Sane Trilogy,crash-bandicoot-n-sane-trilogy,"PC, Nintendo Switch, PlayStation 4, Xbox One",Action,89
Brink,brink,"PlayStation 3, PC, Xbox 360","Adventure, Casual",14
Dear Esther,dear-esther,"PC, iOS, macOS","Action, Shooter",31
Mount & Blade,mount-blade,PC,"Action, RPG",42
Goat of Duty,goat-of-duty,PC,Action,10
Shank,shank,"Linux, PC, macOS, PlayStation 3, Xbox 360","Action, Adventure",70
Kingdoms of Amalur: Reckoning,kingdoms-of-amalur-reckoning,"PC, Xbox 360, PlayStation 3","Action, Adventure",55
Fahrenheit: Indigo Prophecy Remastered,fahrenheit-indigo-prophecy-remastered,"Linux, macOS, iOS, PC","Adventure, RPG",47
Serial Cleaner,serial-cleaner,"iOS, Linux, PC, macOS, PlayStation 4, Xbox One, Nintendo Switch","Action, RPG",90
RaceRoom Racing Experience,raceroom-racing-experience,PC,"Simulation, Sports",24
Fable Anniversary,fable-anniversary,"PC, Xbox 360",RPG,64
Crash Bandicoot 2: Cortex Strikes Back,crash-bandicoot-2,"Android, PlayStation, PS Vita, PlayStation 3, PSP","Action, Adventure",61
Resident Evil 3,resident-evil-3,"PC, Xbox One, PlayStation 4","Action, Shooter",27
Overcooked! 2,overcooked-2,"Linux, macOS, PC, PlayStation 4, Xbox One, Nintendo Switch","Action, Casual",84
Regions Of Ruin,regions-of-ruin,"Xbox One, PlayStation 4, PC, macOS, Linux","Action, Adventure",45
SUPERHOT: MIND CONTROL DELETE,superhot-mind-control-delete,"Linux, macOS, PC, Xbox One, PlayStation 4","Action, Indie",81
Flower,flower,"PC, iOS, PS Vita, PlayStation 4, PlayStation 3","Adventure, Arcade",75
LEGO Star Wars - The Complete Saga,lego-star-wars-tcs,"Android, macOS, PC, iOS, PlayStation 3, Nintendo DS, Xbox 360, Wii, Xbox One","Action, Adventure",74
Gothic 3,gothic-3,PC,"Action, Adventure",18
Burnout Paradise,burnout-paradise,"Nintendo Switch, PlayStation 3, PC, Xbox One, PlayStation 4, Xbox 360","Racing, Arcade",19
Left 4 Dead,left-4-dead,"PC, macOS, Xbox 360","Action, Shooter",83
Counter-Strike,counter-strike,"Xbox, Linux, macOS, PC","Action, Shooter",87
Max Payne 3,max-payne-3,"PC, macOS, PlayStation 3, Xbox 360","Action, Shooter",100
Heavy Rain,heavy-rain,"PC, PlayStation 4, PlayStation 3","Action, Adventure",15
Fallout: A Post Nuclear Role Playing Game,fallout-a-post-nuclear-role-playing-game,"PC, macOS, Classic Macintosh",RPG,1
Mafia II,mafia-ii,"Xbox One, PC, Xbox 360, PlayStation 3","Action, Adventure",7
BioShock 2 Remastered,bioshock-2-remastered,"Nintendo Switch, PC, macOS, Xbox One, PlayStation 4","Action, RPG",76
Dishonored 2,dishonored-2,"Xbox One, PC, PlayStation 4","Action, RPG",78
PlayerUnknown’s Battlegrounds,playerunknowns-battlegrounds,"PC, PlayStation 4, Xbox One","Action, Shooter",96
Uncharted 3: Drake's Deception,uncharted-3-drakes-deception,"PlayStation 3, PlayStation 4","Action, Adventure",36
The Elder Scrolls V: Skyrim Special Edition,the-elder-scrolls-v-skyrim-special-edition,"PC, PlayStation 4, Xbox One","Action, RPG",69
Apex Legends,apex-legends,"PC, Nintendo Switch, macOS, Xbox One, PlayStation 4","Action, Shooter",99
Batman: Arkham City - Game of the Year Edition,batman-arkham-city-goty,"Xbox 360, PC, PlayStation 4, Xbox One, macOS","Action, Adventure",22
Death Stranding,death-stranding,"PC, PlayStation 4","Action, Adventure",2
Assassin's Creed II,assassins-creed-ii,"PlayStation 3, macOS, Xbox One, PC, PlayStation 4, Xbox 360",Action,54
Psychonauts,psychonauts,"iOS, Linux, macOS, PC, Xbox, PlayStation 4, PlayStation 2, Xbox 360, PlayStation 3, Xbox One","Action, Platformer",39
Watch Dogs,watch-dogs,"PC, PlayStation 4, Xbox One, Wii U, Xbox 360, PlayStation 3","Action, Adventure",73
Metro: Last Light Redux,metro-last-light-redux,"Nintendo Switch, Linux, PC, macOS, PlayStation 4, Xbox One","Action, Shooter",92
Layers of Fear,layers-of-fear,"PlayStation 4, Linux, Nintendo Switch, macOS, iOS, PC, Xbox One","Adventure, Indie",97
Batman: Arkham Asylum Game of the Year Edition,batman-aa-goty,"PC, PlayStation 3, Xbox 360","Action, Adventure",59
Sleeping Dogs: Definitive Edition,sleeping-dogs-definitive-edition,"PC, PlayStation 4, Xbox One, macOS","Action, Adventure",28
Age of Wonders III,age-of-wonders-iii,"macOS, PC, Linux","RPG, Strategy",49
Quantum Break,quantum-break,"PC, Xbox One","Action, Shooter",23
To the Moon,to-the-moon,"Android, PC, Nintendo Switch, macOS, iOS, Linux","Adventure, RPG",58
Mark of the Ninja,mark-of-the-ninja,"Xbox 360, macOS, PC, Linux, Nintendo Switch","Action, Indie",94
Ratchet & Clank (2016),ratchet-clank,PlayStation 4,"Action, Shooter",32
Bayonetta,bayonetta,"Xbox One, Wii U, PC, PlayStation 3, Xbox 360, Nintendo Switch",Action,62
Tropico 4,tropico-4,"Xbox One, PC, macOS, Xbox 360","Strategy, Simulation",6
Resident Evil 6,resident-evil-6,"Nintendo Switch, Web, PC, PlayStation 3, Xbox One, PlayStation 4, Xbox 360","Action, Shooter",77
Sid Meier's Civilization III Complete,sid-meiers-civilization-iii-complete,PC,"Strategy, Simulation",4
Braid,braid,"PC, Linux, macOS, iOS, PlayStation 3, Xbox 360, Xbox One","Action, Arcade",41
Game of Thrones - A Telltale Games Series,game-of-thrones-a-telltale-games-series,"PC, iOS, macOS, Xbox 360, PlayStation 3, Xbox One, PlayStation 4, Android","Action, Adventure",80
Red Orchestra 2: Heroes of Stalingrad with Rising Storm,red-orchestra-2-heroes-of-stalingrad-with-rising-s,PC,Action,79
Guns of Icarus Online,guns-of-icarus-online,"macOS, PC, Linux","Action, Simulation",17
Hotline Miami 2: Wrong Number,hotline-miami-2-wrong-number,"Nintendo Switch, PC, Android, Linux, macOS, PS Vita, PlayStation 4, iOS, PlayStation 3","Action, Shooter",3
Battlefield 4,battlefield-4,"PC, PlayStation 3, Xbox 360, Xbox One, PlayStation 4","Action, Shooter",35
Darkest Dungeon,darkest-dungeon,"Linux, PC, macOS, PlayStation 4, PS Vita, Nintendo Switch, Xbox One","RPG, Strategy",65
Sanctum 2,sanctum-2,"PlayStation 3, Linux, macOS, PC, Xbox 360","Action, Shooter",95
Lords of the Fallen,lords-of-the-fallen,"PC, Android, iOS, Xbox One, PlayStation 4","Action, RPG",30
FINAL FANTASY XV,final-fantasy-xv,"Xbox One, PC, PlayStation 4",RPG,66
Assassin’s Creed Brotherhood,assassins-creed-brotherhood-2,"macOS, PC, PlayStation 3, Xbox 360, Xbox One, PlayStation 4","Action, Adventure",86
S.T.A.L.K.E.R.: Shadow of Chernobyl,stalker-shadow-of-chernobyl,PC,"Action, Shooter",43
Deadlight,deadlight,"PC, Xbox 360","Action, Indie",46
ABZU,abzu-2,"Nintendo Switch, PlayStation 4, PC, Xbox One","Adventure, Simulation",56
STAR WARS Battlefront 2 (2005),star-wars-battlefront-ii-2,"PC, PSP, PlayStation 2, Xbox","Action, Shooter",34
Stories: The Path of Destinies,stories-the-path-of-destinies,"PC, Xbox One, PlayStation 4","Action, RPG",44
Renegade Ops,renegade-ops,"PC, PlayStation 3, Xbox 360","Action, Shooter",26
Doki Doki Literature Club!,doki-doki-literature-club,"macOS, PC, Linux","Adventure, Indie",8
Hitman 2: Silent Assassin,hitman-2-silent-assassin,"PC, PlayStation 2, PlayStation 3, Xbox 360, Xbox, GameCube","Action, Simulation",53
Alien Swarm,alien-swarm,PC,Action,93
Heroes & Generals,heroes-generals,PC,"Action, Shooter",60
Tomb Raider: Underworld,tomb-raider-underworld,"macOS, PC, PlayStation 3, Xbox 360, Wii, Nintendo DS","Action, Adventure",13
Never Alone,never-alone,"PC, PlayStation 3, Wii U, Android, iOS, Linux, macOS, PlayStation 4, Xbox One","Adventure, Casual",67
Awesomenauts,awesomenauts,"Linux, PC, macOS, PlayStation 3, Xbox 360","Action, Strategy",25
Starbound,starbound,"Linux, PC, macOS","Action, RPG",20
Syberia,syberia,"iOS, PC, Android, macOS, Nintendo Switch, PlayStation 3, Xbox 360, Nintendo DS","Adventure, Puzzle",71
A Way Out,a-way-out-2018,"PC, Xbox One, PlayStation 4","Action, Adventure",51
UNCHARTED: Drake's Fortune,uncharted-drakes-fortune,"PlayStation 4, PlayStation 3","Action, Adventure",88
Torchlight,torchlight,"Xbox One, PC, macOS, Xbox 360, Linux","Action, RPG",38
Deponia: The Complete Journey,deponia-the-complete-journey,"Linux, macOS, PC, iOS","Adventure, RPG",5
Call of Duty: World at War,call-of-duty-world-at-war,"Xbox One, PC, Xbox 360, PlayStation 3, Nintendo DS, Wii","Action, Shooter",12
PlanetSide 2,planetside-2,"PC, PlayStation 4","Action, Shooter",40
God of War III Remastered,god-of-war-iii-remastered,PlayStation 4,Action,82
Dying Light,dying-light,"PlayStation 4, Xbox One, PC","Action, Adventure",98
Orcs Must Die! 2,orcs-must-die-2,PC,"Action, Strategy",85
Dragon's Dogma: Dark Arisen,dragons-dogma-dark-arisen,"PC, PlayStation 4, PlayStation 3, Xbox 360, Nintendo Switch, Xbox One","Action, Adventure",9
Dark Souls: Remastered,dark-souls8482-remastered,"PC, PlayStation 4, Xbox One, Nintendo Switch",Action,52
System Shock 2,system-shock-2,"macOS, PC, Linux","Action, Shooter",21
Uncharted 2: Among Thieves,uncharted-2-among-thieves,"PlayStation 4, PlayStation 3","Action, Shooter",57
Forza Horizon 4,forza-horizon-4,"Xbox Series S/X, PC, Xbox One","Racing, Massively Multiplayer",33
Magicka 2,magicka-2,"Linux, macOS, PC, PlayStation 4","Action, Adventure",16
Viking: Battle for Asgard,viking,"PC, Xbox 360, PlayStation 3","Action, Adventure",29
Galactic Civilizations II: Ultimate Edition,galactic-civilizations-ii-ultimate-edition,PC,Strategy,50
Crysis,crysis,"PC, Xbox 360, PlayStation 3","Action, Shooter",63
Life is Strange: Before The Storm,life-is-strange-before-storm,"iOS, PC, PlayStation 4, Xbox One, Linux, macOS, Android",Adventure,68
The Order: 1886,the-order-1886,PlayStation 4,"Action, Adventure",72
Kholat,kholat,"Nintendo Switch, PC, PlayStation 4, Xbox One","Adventure, Indie",91
Day of Defeat: Source,day-of-defeat-source,"macOS, PC, Linux",Action,48
Vampyr,vampyr,"PlayStation 4, Nintendo Switch, PC, Xbox One","Action, Adventure",37
F1 2015,f1-2015,"Linux, PC, Xbox One, PlayStation 4","Sports, Racing",11
Styx: Master of Shadows,styx-master-of-shadows,"PC, Xbox One, PlayStation 4","Action, RPG",89
S.T.A.L.K.E.R.: Call of Pripyat,stalker-call-of-pripyat,PC,"Shooter, RPG",14
Overlord II,overlord-2,"Linux, PC, Xbox One, macOS, Xbox 360, PlayStation 3","Action, RPG",31
Prince of Persia (2008),prince-of-persia,"PC, Xbox One, Xbox 360, PlayStation 3, Wii, Nintendo 3DS","Action, Adventure",42
Call of Duty 4: Modern Warfare,modern-warfare,"PC, Nintendo DS, Xbox One, Wii, PlayStation 3, PlayStation 4, Xbox 360, macOS","Action, Shooter",10
Injustice 2,injustice-2,"Android, iOS, Xbox One, PC, PlayStation 4","Action, RPG",70
Warhammer: Vermintide 2,warhammer-vermintide-2,"PC, PlayStation 4, Xbox One","Action, Indie",55
S.T.A.L.K.E.R.: Clear Sky,stalker-clear-sky,PC,"Shooter, RPG",47
Company of Heroes: Tales of Valor,company-of-heroes-tales-of-valor,PC,Strategy,90
Crypt of the NecroDancer,crypt-of-the-necrodancer,"iOS, Linux, PC, macOS, Xbox One, Nintendo Switch, PlayStation 4, PS Vita","Action, RPG",24
Dark Souls,dark-souls,"PC, PlayStation 3, Xbox 360","Action, RPG",64
Tabletop Simulator,tabletop-simulator,"Linux, PC, macOS","RPG, Strategy",61
Orcs Must Die!,orcs-must-die,"PC, Xbox 360","Action, Strategy",27
Vanquish,vanquish,"Xbox One, PC, PlayStation 3, Xbox 360","Action, Shooter",84
Sunset Overdrive,sunset-overdrive,"PC, Xbox One","Action, Shooter",45
Gwent: The Witcher Card Game,gwent-the-witcher-card-game,"PC, Android, PlayStation 4, iOS, Xbox One","RPG, Strategy",81
Dirty Bomb,dirty-bomb,PC,"Action, Shooter",75
AudioSurf,audiosurf,PC,Indie,74
HELLDIVERS,helldivers,"PC, PlayStation 4, PlayStation 3",Action,18
Syberia 2,syberia-2,"Android, PC, macOS, Nintendo Switch, PlayStation 3, PlayStation 2, Xbox, Xbox 360, iOS","Action, Adventure",19
Drawful 2,drawful-2,"PlayStation 4, macOS, PC, Xbox One, Nintendo Switch","Strategy, Casual",83
VVVVVV,vvvvvv,"PC, Android, Linux, macOS, iOS, PS Vita, PlayStation 4, Nintendo Switch, Nintendo 3DS","Action, Adventure",87
Ori and the Will of the Wisps,ori-and-the-will-of-the-wisps,"PC, Nintendo Switch, Xbox Series S/X, Xbox One","Action, Adventure",100
The Awesome Adventures of Captain Spirit,the-awesome-adventures-of-capitan-spirit,"PC, PlayStation 4, Xbox One",Adventure,15
Thomas Was Alone,thomas-was-alone,"Android, PS Vita, PlayStation 4, PlayStation 3, macOS, PC, iOS, Nintendo Switch, Linux, Wii U, Xbox One","Adventure, Family",1
Black Mesa,black-mesa,"Linux, PC","Action, Shooter",7
Dead by Daylight,dead-by-daylight,"PC, Nintendo Switch, Xbox One, PlayStation 4",Action,76
Ghost of Tsushima,ghost-of-tsushima,"PlayStation 5, PlayStation 4","Action, Adventure",78
Assassin's Creed Revelations,assassins-creed-revelations,"PC, PlayStation 3, Xbox One, Xbox 360, PlayStation 4","Action, Adventure",96
Mortal Kombat Komplete Edition,mortal-kombat-komplete-edition,"PlayStation 3, Xbox 360, PC","Arcade, Fighting",36
Day of Defeat,day-of-defeat,"macOS, PC, Linux",Action,69
Shadow Warrior Classic,shadow-warrior-classic-redux,"Linux, macOS, PC","Action, Shooter",99
RiME,rime,"PC, PlayStation 4, Xbox One, Nintendo Switch","Adventure, Puzzle",22
Titan Quest,titan-quest,"PlayStation 4, Android, iOS, PC, Xbox One, Nintendo Switch","Action, RPG",2
Sonic Generations,sonic-generations,"Xbox One, PC, PlayStation 3, PlayStation 4, Xbox 360, Nintendo 3DS","Action, Arcade",54
Black Desert Online,black-desert-online,"PC, PlayStation 4, Xbox One","Action, Adventure",39
Fortnite: Save The World,fortnite,"Nintendo Switch, iOS, Xbox One, PC, PlayStation 4","Action, Shooter",73
Alpha Protocol,alpha-protocol,"PC, Xbox 360, PlayStation 3","Action, Shooter",92
The LEGO NINJAGO Movie Video Game,the-lego-ninjago-movie-video-game,"PC, Xbox One, PlayStation 4, Nintendo Switch","Action, Adventure",97
FINAL FANTASY XIII,final-fantasy-xiii,"Xbox One, Xbox 360, PlayStation 3, PC",RPG,59
Ni no Kuni II: Revenant Kingdom,ni-no-kuni-ii-revenant-kingdom,"PC, PlayStation 4","Adventure, RPG",28
FIFA 14,fifa-14,"Xbox One, iOS, PC, Nintendo 3DS, Xbox 360, PlayStation 4, Nintendo Switch, Wii, PlayStation 2, PlayStation 3, PSP, PS Vita, Android",Sports,49
Sonic Adventure DX: Director's Cut,sonic-adventure-dx,"Xbox 360, PC, GameCube, PlayStation 3","Adventure, Arcade",23
The Beginner's Guide,the-beginners-guide,"Linux, PC, macOS","Adventure, Indie",58
Planet Coaster,planet-coaster,"PC, Xbox One, Xbox Series S/X, PlayStation 4, PlayStation 5","Strategy, Simulation",94
Faeria,faeria,"PlayStation 4, Xbox One, Linux, macOS, PC, iOS, Nintendo Switch","Strategy, Card",32
Mercenary Kings,mercenary-kings,"Linux, macOS, PC, Nintendo Switch, Xbox One, PlayStation 4","Action, Adventure",62
Assassin's Creed: Director's Cut Edition,assassins-creed-directors-cut-edition,PC,"Action, Adventure",6
The Cave,the-cave,"macOS, PC, Android, Linux, iOS, Wii U, PlayStation 3, Xbox 360","Adventure, Puzzle",77
Counter-Strike Nexon: Zombies,counter-strike-nexon-zombies,PC,"Action, Casual",4
Lethal League,lethal-league,"macOS, Linux, PC, Xbox One, PlayStation 4","Action, Sports",41
Sonic CD,sonic-cd,"Xbox One, iOS, SEGA CD, PC, Android, Xbox 360, PlayStation 3","Action, Adventure",80
Mini Metro,mini-metro,"PlayStation 4, iOS, Android, Linux, PC, macOS, Nintendo Switch","Strategy, Simulation",79
That's You!,thats-you,"Android, iOS, PlayStation 4",Casual,17
Contrast,contrast,"PC, Android, Xbox One, PlayStation 3, Xbox 360, PlayStation 4","Action, Adventure",3
FlatOut 2,flatout-2,"Xbox, Linux, PC, PlayStation 2","Racing, Arcade",35
EA SPORTS FIFA 16,ea-sports-fifa-16,"Xbox 360, PlayStation 3, PlayStation 4, PC, Xbox One",Sports,65
Deadpool,deadpool,"PC, Xbox One, Xbox 360, PlayStation 4, PlayStation 3","Action, Adventure",95
Dead Island: Epidemic,dead-island-epidemic,PC,Action,30
Puzzle Agent 2,puzzle-agent-2,"iOS, macOS, PC","Adventure, Casual",66
Call of Duty: Advanced Warfare,call-of-duty-advanced-warfare,"Xbox 360, PlayStation 4, Xbox One, PC, PlayStation 3","Action, Shooter",86
Thief Gold,thief-gold,PC,"Action, Simulation",43
SpeedRunners,speedrunners,"Nintendo Switch, Linux, macOS, PC, PlayStation 4, Xbox One","Action, Sports",46
Warhammer: End Times - Vermintide,warhammer-end-times-vermintide,"PC, Xbox One, PlayStation 4","Action, Indie",56
Mortal Kombat 11,mortal-kombat-11,"PC, PlayStation 4, Xbox One, Nintendo Switch","Action, Adventure",34
Risen,risen,"PC, Xbox 360","Action, RPG",44
Need for Speed,need-for-speed,"PC, Xbox One, PlayStation 4","Action, Adventure",26
Trove,trove,"PC, macOS, Xbox One, PlayStation 4","Action, RPG",8
Serious Sam HD: The Second Encounter,serious-sam-hd-the-second-encounter,"PC, Xbox 360","Action, Shooter",53
Shadowrun: Dragonfall - Director's Cut,shadowrun-dragonfall-dc,"Android, Linux, PC, macOS, iOS","Adventure, RPG",93
The Surge,the-surge,"PC, Xbox One, PlayStation 4","Action, RPG",60
Cortex Command,cortex-command,"macOS, PC","Action, Strategy",13
Anomaly: Warzone Earth,anomaly-warzone-earth,"PC, macOS, iOS, Android, Linux, Xbox 360, PlayStation 3","Action, Strategy",67
VRChat,vrchat,PC,"Adventure, Simulation",25
Life is Strange 2,life-is-strange-2,"PlayStation 4, Linux, macOS, PC, Xbox One",Adventure,20
Final Fantasy VII Remake,final-fantasy-vii-remake,PlayStation 4,"Action, Adventure",71
Risen 2: Dark Waters,risen-2-dark-waters-2,"PC, PlayStation 3, Xbox 360","Action, RPG",51
STAR WARS Jedi Knight II - Jedi Outcast,star-wars-jedi-knight-ii-jedi-outcast,"GameCube, PC, macOS, PlayStation 4, Nintendo Switch, Classic Macintosh, Xbox","Action, Shooter",88
Snake Pass,snake-pass,"PC, Nintendo Switch, Xbox One, PlayStation 4","Adventure, Simulation",38
Plants vs. Zombies GOTY Edition,plants-vs-zombies-goty-edition,"Android, PS Vita, PlayStation 4, PlayStation 3, Xbox 360, Nintendo DSi, Nintendo DS, macOS, PC, iOS",Strategy,5
Dead Space 3,dead-space-3,"PC, PlayStation 3, Xbox 360, Xbox One","Action, Shooter",12
Dungeon Siege 3,dungeon-siege-3,"PC, PlayStation 3, Xbox 360","Action, RPG",40
Kingdom Hearts III,kingdom-hearts-iii,"PC, PlayStation 4, Xbox One","Action, Adventure",82
Downwell,downwell,"PC, Android, iOS, Nintendo Switch, PS Vita, PlayStation 4","Action, Adventure",98
Deceit,deceit,PC,Action,85
Tom Clancy’s Splinter Cell Blacklist,tom-clancys-splinter-cell-blacklist,"Xbox One, PC, Wii U, Xbox 360, PlayStation 3",Action,9
Persona 4 Golden,persona-4-golden,"PC, PS Vita",RPG,52
The Secret of Monkey Island: Special Edition,the-secret-of-monkey-island-special-edition,"PC, macOS, Xbox 360","Adventure, Family",21
Everybody's Gone to the Rapture,everybodys-gone-to-the-rapture,"PC, PlayStation 4","Adventure, Casual",57
Outer Wilds,outer-wilds,"PC, Nintendo Switch, PlayStation 4, Xbox One","Adventure, Indie",33
The Tiny Bang Story,the-tiny-bang-story,"Android, iOS, Nintendo Switch, PC, Linux, macOS","Adventure, Casual",16
Ring of Elysium,europa-2017,PC,"Action, Shooter",29
Apotheon,apotheon,"Linux, PC, macOS, PlayStation 4","Action, Adventure",50
Unreal Tournament 3 Black,unreal-tournament-3-black,"PC, PlayStation 3, Xbox 360","Action, Shooter",63
Shadowrun: Hong Kong - Extended Edition,shadowrun-hong-kong-extended-edition,"Linux, PC, macOS","Adventure, RPG",68
Eador. Masters of the Broken World,eador-masters-of-the-broken-world,PC,"Strategy, Indie",72
Medieval II: Total War,medieval-ii-total-war,"Linux, macOS, PC","Strategy, Simulation",91
Lovers in a Dangerous Spacetime,lovers-in-a-dangerous-spacetime,"Linux, macOS, PC, Xbox One, Nintendo Switch, PlayStation 4","Action, Shooter",48
inFAMOUS 2,infamous-2,PlayStation 3,"Action, Shooter",37
Frozen Synapse,frozen-synapse,"PC, Linux, macOS, iOS","Action, Strategy",11
Shadowgrounds,shadowgrounds,"macOS, PC","Action, Shooter",89
Zeno Clash,zeno-clash,"PC, Xbox 360","Action, Shooter",14
Poker Night 2,poker-night-2,"iOS, PC, macOS, PlayStation 3, Xbox 360","Sports, Board Games",31
Sam & Max: The Devil's Playhouse - Episode 5: The City That Dares Not Sleep,sam-max-305-the-city-that-dares-not-sleep,"macOS, PC, PlayStation 3",Adventure,42
Resident Evil 7 / Biohazard 7 Teaser: Beginning Hour,resident-evil-7-biohazard-7-teaser-beginning-hour,"PC, PlayStation 4, Xbox One","Action, Adventure",10
Manual Samuel,manual-samuel,"PC, macOS, Linux, Xbox One, PlayStation 4, Nintendo Switch","Adventure, Indie",70
Dead Rising,dead-rising,"PC, PlayStation 4, Xbox One, Xbox 360",Action,55
DOOM 3,doom-3,"Xbox, PC, Nintendo Switch, macOS, Xbox One, PlayStation 4","Action, Shooter",47
Penumbra Overture,penumbra-overture,"PC, Linux, macOS","Action, Adventure",90
Warface: Ice Breaker,warface-ice-breaker,PC,"Action, Massively Multiplayer",24
Plants vs. Zombies,plants-vs-zombies,"Nintendo DS, PC, iOS, Xbox One, PlayStation 3, Xbox 360, Android","Action, Strategy",64
Risk of Rain 2,risk-of-rain-2,"PC, Xbox One, PlayStation 4, Nintendo Switch","Action, Shooter",61
Back to the Future: The Game - Episode 2. Get Tannen,back-to-the-future-ep-2-get-tannen,"macOS, PC, PlayStation 3",Adventure,27
Divide By Sheep,divide-by-sheep,"iOS, PC, macOS","Adventure, Casual",84
Back to the Future: The Game - Episode 3. Citizen Brown,back-to-the-future-ep-3-citizen-brown,"macOS, PC, PlayStation 3",Adventure,45
Gran Turismo Sport,gran-turismo-sport,PlayStation 4,"Simulation, Racing",81
Back to the Future: Ep 4 - Double Visions,back-to-the-future-ep-4-double-visions,"PlayStation 3, macOS, PC",Adventure,75
Super Time Force Ultra,super-time-force-ultra,"macOS, Linux, PC, PlayStation 4, PS Vita","Action, Indie",74
Back to the Future: Ep 5 - OUTATIME,back-to-the-future-ep-5-outatime,"PlayStation 3, macOS, PC",Adventure,18
KAO the Kangaroo: Round 2,kao-the-kangaroo-round-2,"PlayStation 2, GameCube, Xbox, PC","Action, Adventure",19
Two Point Hospital,two-point-hospital,"iOS, PC, Nintendo Switch, Xbox One, PlayStation 4","RPG, Simulation",83
Prince of Persia: Warrior Within,prince-of-persia-warrior-within,"PC, PlayStation 2, Xbox, GameCube, PlayStation 3","Action, Adventure",87
Mutant Year Zero: Road to Eden,mutant-year-zero-road-to-eden,"PC, Nintendo Switch, Xbox One, PlayStation 4","Adventure, RPG",100
LEGO Batman,lego-batman,"Xbox One, PlayStation 2, PSP, Wii, macOS, Nintendo DS, PlayStation 3, PC, Xbox 360","Action, Adventure",15
DEFCON,defcon,"Linux, macOS, PC","Strategy, Indie",1
Reus,reus,"PC, Xbox One, Linux, macOS, PlayStation 4","Strategy, Simulation",7
RACE 07,race-07,PC,Racing,76
Space Engineers,space-engineers,"PC, Xbox One","Action, Strategy",78
LEGO Batman 2 DC Super Heroes,lego-batman-2,"Xbox One, Android, iOS, PC, macOS, Nintendo 3DS, PlayStation 3, PS Vita, Nintendo DS, Wii, Wii U, Xbox 360","Action, Adventure",96
Q.U.B.E: Director's Cut,qube-directors-cut,"PC, Android, macOS, Linux, Xbox One, Wii U, PlayStation 3, PlayStation 4","Action, Adventure",36
FIFA 15,fifa-15,"Xbox One, Nintendo 3DS, Xbox 360, PlayStation 3, PS Vita, PlayStation 4, PC",Sports,69
POSTAL,postal,"Linux, PC, macOS","Action, Indie",99
Serious Sam Classics: Revolution,serious-sam-classics-revolution,PC,"Action, Indie",22
Tomb Raider: Definitive Edition,tomb-raider-definitive-edition,"PlayStation 3, Xbox 360, macOS, PC, Xbox One, PlayStation 4","Action, Adventure",2
Resident Evil 0 / biohazard 0 HD REMASTER,resident-evil-0,"PC, PlayStation 4, GameCube, Nintendo Switch, PlayStation 3","Action, Adventure",54
Stacking,stacking,"PC, Linux, macOS, PlayStation 3, Xbox 360","Action, Adventure",39
RAGE 2,rage-2,"Xbox One, PC, PlayStation 4","Action, Shooter",73
Assassin’s Creed Rogue,assassins-creed-rogue-2,"Nintendo Switch, PC, Xbox 360, PlayStation 3, PlayStation 4, Xbox One","Action, Adventure",92
Blasphemous,blasphemous,"Xbox One, PC, Linux, Nintendo Switch, PlayStation 4","Action, Adventure",97
Defy Gravity Extended,defy-gravity-extended,PC,"Action, Adventure",59
The Elder Scrolls IV: Oblivion Game of the Year Edition,the-elder-scrolls-iv-oblivion-game-of-the-year-edi,"PC, PlayStation 3, Xbox 360",RPG,28
Ricochet,ricochet,"Linux, PC, macOS",Action,49
Mafia II: Definitive Edition,mafia-ii-definitive-edition,"PC, PlayStation 4, Xbox One","Action, Adventure",23
Race The Sun,race-the-sun,"iOS, Linux, macOS, PC, PS Vita, PlayStation 4, PlayStation 3, Wii U, Web, Xbox One","Action, Racing",58
Yakuza Kiwami,yakuza-kiwami,"Xbox One, PlayStation 3, PlayStation 4, PC","Action, Adventure",94
Gears 5,gears-5,"PC, Xbox Series S/X, Xbox One","Action, Shooter",32
Robocraft,robocraft,"Linux, PC, macOS","Action, RPG",62
Battlefield: Bad Company 2,battlefield-bad-company-2,"Xbox One, PC, Xbox 360, PlayStation 3","Action, Shooter",6
Frostpunk,frostpunk,"Nintendo Switch, Xbox One, PlayStation 4, PC","Strategy, Simulation",77
The Elder Scrolls III: Morrowind,morrowind,"PC, Xbox 360, Xbox, Xbox One",RPG,4
Deathmatch Classic,deathmatch-classic,"Linux, PC, macOS",Action,41
Enclave,enclave,"PC, macOS, Linux","Action, Adventure",80
Resident Evil Revelations,resident-evil-revelations-biohazard-revelations,"PlayStation 4, Xbox One, Xbox 360, Nintendo 3DS, Wii U, PlayStation 3, Nintendo Switch, PC","Action, Adventure",79
Sniper Elite 4,sniper-elite-4,"Nintendo Switch, PC, Xbox One, PlayStation 4","Action, Shooter",17
Surgeon Simulator,surgeon-simulator-cpr,"iOS, Linux, PC, macOS, Android, Nintendo Switch","Action, Simulation",3
Enter the Gungeon,enter-the-gungeon,"Linux, Nintendo Switch, PlayStation 4, Xbox One, PC","Action, Shooter",35
Furi,furi,"PC, Nintendo Switch, Xbox One, PlayStation 4","Action, Arcade",65
Age of Empires II HD,age-of-empires-ii-hd,PC,Strategy,95
Deus Ex 2: Invisible War,deus-ex-2-invisible-war,"PC, Xbox","Action, RPG",30
A Plague Tale: Innocence,a-plague-tale-innocence,"PC, Xbox One, PlayStation 4","Action, Adventure",66
Banished,banished,PC,"Strategy, Simulation",86
Crysis Warhead,crysis-warhead,PC,"Action, Shooter",43
State of Decay,state-of-decay,"PC, Xbox 360","Action, RPG",46
BIT.TRIP Presents... Runner2: Future Legend of Rhythm Alien,bittrip-presents-runner2-future-legend-of-rhythm-a,"Linux, macOS, PC, Xbox 360, Wii U, PlayStation 4, PS Vita, PlayStation 3","Action, Adventure",56
Crysis 3,crysis-3,"Xbox One, PC, PlayStation 3, Xbox 360","Action, Shooter",34
Diablo III,diablo-3,"PC, Xbox One, PlayStation 4, Nintendo Switch, macOS, Xbox 360, PlayStation 3","Action, RPG",44
Civilization IV: Warlords,civilization-iv-warlords,"PC, macOS",Strategy,26
Metal Gear Solid 4: Guns of the Patriots,metal-gear-solid-4-guns-of-the-patriots,PlayStation 3,"Action, Shooter",8
Wasteland,wasteland,"macOS, iOS, Linux, Commodore / Amiga, Apple II, Classic Macintosh, PC","Adventure, RPG",53
Sonic Adventure 2,sonic-adventure-2,"Xbox One, PC, PlayStation 3, Dreamcast, GameCube, Xbox 360","Action, Adventure",93
Europa Universalis IV,europa-universalis-iv,"PC, Linux, macOS",Strategy,60
Resident Evil HD Remaster,resident-evil-hd-remaster,"Nintendo Switch, Xbox 360, Xbox One, PlayStation 4, PC, PlayStation 3","Action, Adventure",13
Swords and Soldiers HD,swords-and-soldiers-hd,"macOS, PC, Wii","Action, Strategy",67
Graveyard Keeper,graveyard-keeper,"iOS, Android, Linux, PC, macOS, PlayStation 4, Nintendo Switch, Xbox One","Adventure, RPG",25
Teslagrad,teslagrad,"Android, iOS, Linux, PC, macOS, Xbox One, Wii U, PS Vita, PlayStation 4, PlayStation 3, Nintendo Switch","Action, Adventure",20
FIFA 19,fifa-19,"PlayStation 3, Xbox 360, Nintendo Switch, PC, Xbox One, PlayStation 4","Simulation, Sports",71
Halo 4,halo-4,"Xbox One, Xbox 360, PC","Action, Shooter",51
Call of Duty 2,call-of-duty-2,"Xbox One, Xbox 360, PC, macOS, iOS","Action, Shooter",88
Demon's Souls,demons-souls,PlayStation 3,"Action, RPG",38
Commandos 2: Men of Courage,commandos-2-men-of-courage,"PC, Xbox, PlayStation 2",Action,5
SpaceChem,spacechem,"Android, Linux, PC, macOS","Strategy, Simulation",12
Steep,steep,"PC, PlayStation 4, Xbox One","Action, Simulation",40
Gris,gris,"PC, iOS, PlayStation 4, macOS, Nintendo Switch","Adventure, Indie",82
Dead Rising 2,dead-rising-2,"PC, Xbox One, PlayStation 4, Xbox 360",Action,98
The Red Solstice,the-red-solstice,PC,"Action, RPG",85
Street Fighter V,street-fighter-v,"PC, PlayStation 4","Action, Fighting",9
The Forest,the-forest,"PlayStation 4, PC","Action, Adventure",52
Bulletstorm,bulletstorm,"PC, PlayStation 3, Xbox 360, Xbox One","Action, Shooter",21
Dungeons 2,dungeons-2,"Linux, macOS, PC, iOS, PlayStation 4","RPG, Strategy",57
LittleBigPlanet 3,littlebigplanet-3,"PlayStation 3, PlayStation 4","Adventure, Arcade",33
Just Cause,just-cause,"PC, PlayStation 2, Xbox 360","Action, Shooter",16
Bully: Scholarship Edition,bully-scholarship-edition,"PC, iOS, Android, Wii, Xbox 360","Action, Adventure",29
Scribblenauts Unlimited,scribblenauts-unlimited,"PC, iOS, Android, Nintendo 3DS, Wii U","Adventure, Strategy",50
Stellaris,stellaris,"Linux, PC, Nintendo Switch, macOS","Strategy, Simulation",63
Sea of Thieves,sea-of-thieves,"PC, Xbox One","Action, Adventure",68
Borderlands 3,borderlands-3,"PC, Xbox Series S/X, PlayStation 5, PlayStation 4, Xbox One","Action, Shooter",72
X-COM: UFO Defense,ufo-enemy-unknown,"PC, PlayStation, Commodore / Amiga",Strategy,91
The Banner Saga,banner-saga,"PC, Android, iOS, PlayStation 4, Nintendo Switch, Linux, macOS, Xbox One","RPG, Strategy",48
H1Z1: King of the Kill,h1z1-king-of-the-kill,PC,"Action, Adventure",37
Hitman: Codename 47,hitman-codename-47,PC,"Action, Shooter",11
Need for Speed: Most Wanted - A Criterion Game,need-for-speed-most-wanted-a-criterion-game,"PC, iOS, Android, Xbox 360, PS Vita, Wii U, PlayStation 3","Action, Adventure",89
Kingdom: New Lands,kingdom-new-lands,"iOS, Android, PC, macOS, Linux, PlayStation 4, Nintendo Switch, Xbox One","Strategy, Simulation",14
"Warhammer 40,000: Dawn of War II: Retribution",dawn-of-war-ii-retribution,"Linux, macOS, PC","RPG, Strategy",31
Knights and Merchants,knights-and-merchants,"macOS, Linux, PC","Strategy, Simulation",42
Dungeon Defenders II,dungeon-defenders-ii,"PC, PlayStation 4, Xbox One","Action, RPG",10
Two Worlds II,two-worlds-ii,"PC, macOS, Xbox 360",RPG,70
Hand of Fate,hand-of-fate,"macOS, Linux, PC, Xbox One, PlayStation 4","Action, Adventure",55
Pyre,pyre,"macOS, PC, Linux, PlayStation 4","Adventure, RPG",47
Wasteland 2: Director's Cut,wasteland-2-directors-cut,"macOS, PC, Linux, Nintendo Switch, PlayStation 4, Xbox One","Adventure, RPG",90
Mirage: Arcane Warfare,mirage-arcane-warfare,PC,"Action, Indie",24
Gears of War 3,gears-of-war-3,"Xbox 360, Xbox One",Shooter,64
Absolver,absolver,"PC, Xbox One, PlayStation 4","Action, Adventure",61
Battlefield Hardline,battlefield-hardline,"PC, PlayStation 3, Xbox 360, PlayStation 4, Xbox One",Strategy,27
Worms Armageddon,worms-armageddon,"PC, Nintendo 64, Game Boy Color, PlayStation, Dreamcast","Action, Shooter",84
Gothic II: Gold Edition,gothic-ii-gold-edition,PC,"Action, RPG",45
Mini Ninjas,mini-ninjas,"PC, Xbox 360, Wii, PlayStation 3, Nintendo DS, macOS","Action, Adventure",81
The Bridge,the-bridge,"Linux, PC, macOS, Nintendo Switch, Xbox One, Xbox 360, PS Vita, PlayStation 4, PlayStation 3, Wii U","Strategy, Casual",75
FIFA 17,ea-sports-fifa-17,"PlayStation 4, Xbox One, PlayStation 3, Xbox 360, PC",Sports,74
Conan Exiles,conan-exiles,"PC, PlayStation 4, Xbox One","Action, Adventure",18
Punch Club,punch-club,"iOS, Linux, PC, macOS, Xbox One, PlayStation 4, Nintendo 3DS, Nintendo Switch","RPG, Strategy",19
Sang-Froid - Tales of Werewolves,sang-froid-tales-of-werewolves,PC,"Action, Adventure",83
Baldur's Gate: Enhanced Edition,baldurs-gate-enhanced-edition,"Android, PlayStation 4, Nintendo Switch, Linux, PC, Xbox One, macOS, iOS","RPG, Strategy",87
Gun Monkeys,gun-monkeys,"PC, macOS","Action, Casual",100
Rocketbirds: Hardboiled Chicken,rocketbirds-hardboiled-chicken,"Linux, macOS, PC, PS Vita, PlayStation 3","Adventure, Indie",15
Assassin's Creed Freedom Cry,assassins-creed-freedom-cry,"PlayStation 4, PlayStation 3, Nintendo Switch, PC, Xbox One, Xbox 360","Action, Adventure",1
Supreme Commander 2,supreme-commander-2,"Xbox One, PC, Xbox 360","Strategy, Simulation",7
Cuisine Royale,cuisine-royale,"Xbox One, PlayStation 4, PC","Action, Massively Multiplayer",76
Really Big Sky,really-big-sky,PC,"Action, Indie",78
Super Smash Bros. Ultimate,super-smash-bros-ultimate,Nintendo Switch,Fighting,96
NiGHTS into dreams...,nights-into-dreams,"PC, SEGA Saturn, Xbox 360, PlayStation 3","Adventure, Platformer",36
Slime Rancher,slime-rancher,"Linux, PC, macOS, PlayStation 4, Xbox One","Action, Adventure",69
Just Cause 4,just-cause-4,"PlayStation 4, PC, Xbox One","Action, Adventure",99
Age of Empires III: Complete Collection,age-of-empires-iii-complete-collection,PC,"Strategy, Simulation",22
Sam & Max: The Devil's Playhouse - Episode 3: They stole Max's brain!,sam-max-303-they-stole-maxs-brain,"PlayStation 3, macOS, PC",Adventure,2
Prince of Persia: The Two Thrones,prince-of-persia-the-two-thrones,"PC, Xbox, Wii, GameCube, PlayStation 2, Classic Macintosh, PSP, PlayStation 3","Action, Adventure",54
Sam & Max The Devil's Playhouse Episode 2 The Tomb of Sammun-Mak,sam-max-302-the-tomb-of-sammun-mak,"PC, macOS, PlayStation 3",Adventure,39
SteamWorld Heist,steamworld-heist,"macOS, Linux, iOS, PC, PS Vita, Nintendo 3DS, Nintendo Switch, Wii U, PlayStation 4","Action, Adventure",73
Devil May Cry 4,devil-may-cry-4,"PC, PlayStation 4, PlayStation 3, Xbox One, Xbox 360","Action, Adventure",92
Murderous Pursuits,murderous-pursuits,"iOS, PC","Action, RPG",97
Sam & Max The Devil's Playhouse Episode 4: Beyond Alley of Dolls,sam-max-304-beyond-the-alley-of-the-dolls,"macOS, PlayStation 3, PC",Adventure,59
DayZ,dayz,"Xbox One, PC, PlayStation 4","Action, Massively Multiplayer",28
Sid Meier's Civilization IV: Colonization,sid-meiers-civilization-iv-colonization,"PC, macOS, iOS","Strategy, Simulation",49
Octodad: Dadliest Catch,octodad-dadliest-catch,"iOS, Android, Linux, PC, macOS, Xbox One, Wii U, PS Vita, PlayStation 4, Nintendo Switch","Action, Adventure",23
Sam & Max: The Devil's Playhouse - Episode 1: The Penal Zone,sam-max-301-the-penal-zone,"PC, PlayStation 3","Action, Adventure",58
Kentucky Route Zero,kentucky-route-zero,"macOS, PC, Nintendo Switch, Linux","Adventure, Indie",94
Tacoma,tacoma,"macOS, Linux, PC, PlayStation 4, Xbox One","Adventure, Indie",32
Rebel Galaxy,rebel-galaxy,"PC, macOS, Xbox One, PlayStation 4","Action, Adventure",62
Jamestown: Legend of the Lost Colony,jamestown-2,"PlayStation 4, PC, macOS","Action, Arcade",6
Horizon Chase Turbo,horizon-chase-turbo,"Linux, macOS, PC, PlayStation 4, Nintendo Switch, Xbox One","Action, Sports",77
Dragon Age 2,dragon-age-2,"PC, Xbox One, Xbox 360, PlayStation 3, macOS","Action, Adventure",4
Halo 5: Guardians,halo-5-guardians,Xbox One,"Action, Shooter",41
Worms Revolution,worms-revolution,"PC, PlayStation 3, Xbox 360","Strategy, Simulation",80
Pathologic Classic HD,pathologic-classic-hd,PC,"Action, Adventure",79
Night in the Woods,night-in-the-woods,"Linux, macOS, PC, Xbox One, PlayStation 4, Nintendo Switch",Adventure,17
Civilization IV: Beyond the Sword,civilization-iv-beyond-the-sword,"PC, macOS",Strategy,3
LittleBigPlanet 2,littlebigplanet-2,PlayStation 3,"Action, Arcade",35
The Lab,the-lab,PC,Action,65
OlliOlli2: Welcome to Olliwood,olliolli2-welcome-to-olliwood,"Linux, PC, macOS, PS Vita, PlayStation 4","Action, Sports",95
Factorio,factorio,"Linux, macOS, PC","Strategy, Simulation",30
King's Bounty: The Legend,kings-bounty-the-legend,"macOS, PC","RPG, Strategy",66
Sherlock Holmes: The Devil's Daughter,sherlock-holmes-the-devils-daughter,"PC, PlayStation 4, Xbox One","Action, Adventure",86
NBA 2K16,nba-2k16,"PC, Xbox One, Xbox 360, PlayStation 3, PlayStation 4",Sports,43
Katana ZERO,katana-zero,"Xbox One, PC, macOS, Nintendo Switch","Action, Indie",46
Portal Knights,portal-knights,"Android, iOS, PC, Xbox One, PlayStation 4, Nintendo Switch","Action, Adventure",56
METAL SLUG 3,metal-slug-3,"Android, Neo Geo, Wii, PC, Xbox One, iOS, PlayStation 3, PS Vita, PlayStation 4, Xbox 360","Action, Arcade",34
Lucius,lucius,PC,"Action, Adventure",44
Rome: Total War - Collection,rome-total-war-collection,"PC, iOS",Strategy,26
Crysis 2,crysis-2,"PC, PlayStation 3, Xbox 360","Action, Shooter",8
Aliens vs. Predator (2010),aliens-vs-predator-3,"PC, Xbox One, Xbox 360, PlayStation 3","Action, Shooter",53
Uplink,uplink,"iOS, macOS, Linux, PC","Strategy, Simulation",93
Northgard,northgard,"PC, Linux, macOS, PlayStation 4, Xbox One, Nintendo Switch","Adventure, Strategy",60
Owlboy,owlboy,"PlayStation 4, Nintendo Switch, Linux, PC, Xbox One","Action, Adventure",13
Kathy Rain,kathy-rain,"PC, iOS, macOS, Android","Adventure, Indie",67
Worms Battlegrounds,worms-battlegrounds,"Xbox One, PlayStation 4",Strategy,25
"Warhammer 40,000: Dawn of War II Chaos Rising",dawn-of-war-ii-chaos-rising,"PC, Linux, macOS","RPG, Strategy",20
Fable II,fable-ii,"Xbox One, Xbox 360","Action, Adventure",71
Cry of Fear,cry-of-fear,PC,"Action, Adventure",51
Warlock - Master of the Arcane,warlock-master-of-the-arcane,PC,Strategy,88
Gears of War 4,gears-of-war-4,"Xbox Series S/X, Xbox One, PC","Action, Shooter",38
Sanctum,sanctum,"PC, macOS","Action, Shooter",5
DuckTales: Remastered,ducktales-remastered,"PC, Xbox One, Android, iOS, Wii U, Xbox 360, PlayStation 3","Adventure, Platformer",12
Fallout 76,fallout-76,"PC, PlayStation 4, Xbox One","Action, Adventure",40
No Time To Explain Remastered,no-time-to-explain-remastered,"Linux, PC, macOS","Action, Adventure",82
Moonlighter,moonlighter,"iOS, Linux, PC, macOS, PlayStation 4, Nintendo Switch, Xbox One","Action, Adventure",98
Defiance,defiance,"PC, Xbox 360, PlayStation 3","Action, Shooter",85
God of War II,god-of-war-ii,"PlayStation 3, PlayStation 2, PS Vita","Action, Adventure",9
The Turing Test,the-turing-test,"PlayStation 4, PC, Nintendo Switch, Xbox One",Adventure,52
ORION: Prelude,orion-prelude,PC,"Action, Adventure",21
Tyranny,tyranny,"macOS, Linux, PC",RPG,57
Crazy Taxi (1999),crazy-taxi,"Dreamcast, GameCube, iOS, Android, Xbox 360, PC, PlayStation 2, PlayStation 3","Action, Racing",33
Receiver,receiver,"PC, Linux, macOS","Action, Shooter",16
STAR WARS Jedi Knight: Dark Forces II,star-wars-jedi-knight-dark-forces-ii,PC,"Action, Shooter",29
Back to the Future: The Game,back-to-the-future-the-game,"PlayStation 3, PC, macOS, iOS, PlayStation 4, Xbox 360, Wii","Action, Adventure",50
Tricky Towers,tricky-towers,"PlayStation 4, Linux, macOS, PC, iOS, Android, Xbox One, Nintendo Switch","Arcade, Casual",63
10 Second Ninja X,10-second-ninja-x,"PC, Xbox One, PlayStation 4, PS Vita","Action, Indie",68
A Hat in Time,a-hat-in-time,"macOS, PC, Xbox One, PlayStation 4, PlayStation 3, Nintendo Switch","Action, Indie",72
Puzzle Agent,puzzle-agent,"PC, macOS, iOS, PlayStation 3","Adventure, Casual",91
Commandos: Behind Enemy Lines,commandos-behind-enemy-lines,PC,Action,48
Stronghold HD,stronghold-hd,"macOS, PC",Strategy,37
Devil May Cry 4: Special Edition,devil-may-cry-4-special-edition,"PC, Xbox One, PlayStation 4",Action,11
Beat Hazard,beat-hazard,"Linux, PC, macOS, Xbox 360","Action, Casual",89
LET IT DIE,let-it-die,"PC, PlayStation 4","Action, Adventure",14
Knack,knack,PlayStation 4,Action,31
Operation Flashpoint: Dragon Rising,operation-flashpoint-dragon-rising,"PlayStation 3, PC, Xbox 360","Action, Shooter",42
Fishing Planet,fishing-planet,"Linux, PC, macOS, PlayStation 4","Simulation, Sports",10
ZOMBI,zombi,"PC, PlayStation 4, Xbox One","Action, Adventure",70
Deadly Premonition: The Director's Cut,deadly-premonition-the-directors-cut,"PC, PlayStation 3","Action, Adventure",55
Magrunner: Dark Pulse,magrunner-dark-pulse,"PC, PlayStation 3, Xbox 360","Action, Adventure",47
Project CARS,project-cars,"PC, PlayStation 4, Xbox One","Simulation, Sports",90
Darwinia,darwinia,"PC, Linux, macOS","Strategy, Indie",24
LEGO Harry Potter: Years 1-4,lego-harry-potter,"PS Vita, PlayStation 3, PC, Android, macOS, Nintendo DS, Wii, PSP, Xbox 360","Action, Adventure",64
Assassin's Creed Valhalla,assassins-creed-valhalla,"PlayStation 5, Xbox One, PC, Xbox Series S/X, PlayStation 4","Action, Adventure",61
Hammerwatch,hammerwatch,"Linux, PC, macOS, Xbox One, PlayStation 4, Nintendo Switch","Action, Adventure",27
Goodbye Deponia,goodbye-deponia,"macOS, Xbox One, PlayStation 4, PC","Adventure, RPG",84
Dead Bits,dead-bits,"PC, macOS","Action, Casual",45
UNCHARTED: Golden Abyss,uncharted-golden-abyss,PS Vita,"Action, Adventure",81
Ziggurat,ziggurat,"Nintendo Switch, Linux, PC, macOS, Xbox One, Wii U, PlayStation 4","Action, Shooter",75
Mafia: The City of Lost Heaven,mafia-the-city-of-lost-heaven,"PC, Xbox, PlayStation 2","Action, Adventure",74
Sacred 2 Gold,sacred-2-gold,PC,"Action, RPG",18
The Sims 3,the-sims-3,"PC, iOS, Nintendo 3DS, Xbox 360, PlayStation 3","Simulation, Casual",19
The Banner Saga 2,banner-saga-2,"iOS, Android, macOS, PC, Nintendo Switch, Xbox One, PlayStation 4","RPG, Strategy",83
Out There Somewhere,out-there-somewhere,"macOS, PC","Action, Adventure",87
Keep Talking and Nobody Explodes,keep-talking-and-nobody-explodes,"Android, macOS, PC, PlayStation 4, Xbox One, Nintendo Switch","Simulation, Indie",100
STAR WARS Empire at War - Gold Pack,star-wars-empire-at-war-gold-pack,PC,Strategy,15
Return Of The Obra Dinn,return-of-the-obra-dinn,"macOS, PC, PlayStation 4, Xbox One, Nintendo Switch","Adventure, Indie",1
Tiny and Big: Grandpa's Leftovers,tiny-big-grandpas-leftovers,"macOS, PC, Linux","Action, Adventure",7
Chaos on Deponia,chaos-on-deponia,"Linux, macOS, PC, iOS, Xbox One, PlayStation 4","Adventure, RPG",76
Trine 2,trine-2,"PC, Xbox 360, PlayStation 3","Action, Arcade",78
Surviving Mars,surviving-mars,"macOS, PC, Linux, PlayStation 4, Xbox One","Strategy, Simulation",96
Crossout,crossout,"PC, PlayStation 4, Xbox One","Action, Simulation",36
Crayon Physics Deluxe,crayon-physics-deluxe,"PC, macOS","Casual, Indie",69
Trine 3: The Artifacts of Power,trine-3-the-artifacts-of-power,"Linux, PC, macOS, PlayStation 4, Nintendo Switch","Action, Adventure",99
Empire: Total War,empire-total-war,"PC, macOS, Linux",Strategy,22
Golf With Your Friends,golf-with-your-friends,"PlayStation 4, macOS, Nintendo Switch, Xbox One, Linux, PC","Sports, Casual",2
Beyond Divinity,beyond-divinity,"PC, macOS","Action, RPG",54
Arma 3,arma-3,PC,"Action, Shooter",39
Thief II: The Metal Age,thief-ii-the-metal-age,PC,"Action, Simulation",73
Kerbal Space Program,kerbal-space-program,"Linux, macOS, PC, Xbox One, PlayStation 4","Simulation, Indie",92
Plague Inc: Evolved,plague-inc-evolved,"Nintendo Switch, Linux, macOS, PC, Xbox One, PlayStation 4","Strategy, Simulation",97
Need for Speed Rivals,need-for-speed-rivals,"PC, Xbox One, PlayStation 3, Xbox 360, PlayStation 4","Action, Racing",59
Divinity II: Developer's Cut,divinity-ii,"PC, Xbox 360","Action, RPG",28
The Elder Scrolls IV: Oblivion,the-elder-scrolls-iv-oblivion,"Xbox One, PC, PlayStation 3, Xbox 360",RPG,49
Halo: Reach,halo-reach,"Xbox One, PC, Xbox 360",Shooter,23
Guacamelee! Gold Edition,guacamelee-gold-edition,"Linux, macOS, PC","Action, Adventure",58
Trackmania Turbo,trackmania-turbo,"PC, Xbox One, PlayStation 4","Racing, Massively Multiplayer",94
Unravel,unravel,"PC, Nintendo Switch, Xbox One, PlayStation 4, Xbox 360","Action, Adventure",32
Gears of War 2,gears-of-war-2,"Xbox One, Xbox 360",Shooter,62
Superbrothers: Sword & Sworcery,superbrothers-sword-sworcery,"Linux, PC, iOS, Android, macOS, Nintendo Switch","Adventure, RPG",6
The Evil Within 2,the-evil-within-2,"Xbox One, PlayStation 4, PC","Action, Shooter",77
Super Hexagon,super-hexagon,"Android, Linux, PC, macOS, iOS","Action, Arcade",4
Vampire: The Masquerade - Bloodlines,vampire-the-masquerade-bloodlines,PC,"Action, RPG",41
Shadow Tactics: Blades of the Shogun,shadow-tactics,"Linux, PC, macOS, Xbox One, PlayStation 4","Strategy, Indie",80
Command & Conquer: Red Alert 3 - Uprising,command-conquer-red-alert-3-uprising,PC,Strategy,79
Need for Speed Payback,need-for-speed-payback,"PC, PlayStation 4, Xbox One","Action, Adventure",17
DiRT 3,dirt-3,"PlayStation 3, PC, Xbox 360","Sports, Racing",3
TEKKEN 7,tekken-7,"PC, PlayStation 4, Xbox One","Action, Sports",35
PAC-MAN CHAMPIONSHIP EDITION 2,pac-man-championship-edition-2,"PC, PlayStation 4, Xbox One, Nintendo Switch","Arcade, Casual",65
Hitman 3: Contracts,hitman-3-contracts,"PC, macOS, Xbox 360, PlayStation 2, PlayStation 3, Xbox","Action, Shooter",95
Quake Live,quake-live,"PC, Web",Action,30
Catherine,catherine,"Xbox One, Xbox 360, PlayStation 3, PC","Action, Adventure",66
F1 2018,f1-2018,"PC, PlayStation 4, Xbox One","Simulation, Sports",86
Fable: The Lost Chapters,fable,"PC, macOS, Xbox","Action, Adventure",43
Gunpoint,gunpoint,"Linux, PC, macOS","Action, Strategy",46
Cave Story+,cave-story,"Linux, PC, macOS, Nintendo 3DS, Nintendo DS, Wii, Nintendo Switch","Action, Adventure",56
Planetary Annihilation,planetary-annihilation,"PC, macOS, Linux",Strategy,34
Full Throttle Remastered,full-throttle-remastered,"Xbox One, Linux, macOS, iOS, PC, PS Vita, PlayStation 4",Adventure,44
Natural Selection 2,natural-selection-2,"PC, Linux","Action, Strategy",26
DISTRAINT,distraint,PC,"Adventure, Casual",8
BIT.TRIP RUNNER,bittrip-runner,"Linux, PC, macOS, Wii","Action, Arcade",53
FIFA 18,fifa-18,"PC, Nintendo Switch, PlayStation 4, Xbox One",Sports,93
Tom Clancy's Ghost Recon Wildlands,tom-clancys-ghost-recon-wildlands-2,"PC, PlayStation 4, Xbox One","Action, Shooter",60
Giana Sisters: Twisted Dreams,giana-sisters-twisted-dreams,"PC, PlayStation 3, Xbox 360, Wii U","Action, Adventure",13
Dungeon of the Endless,dungeon-of-the-endless,"Nintendo Switch, PC, iOS, PlayStation 4, macOS, Xbox One","Adventure, RPG",67
Deus Ex: The Fall,deus-ex-the-fall,"Android, iOS, PC","Action, Adventure",25
Spyro Reignited Trilogy,spyro-reignited-trilogy,"PC, Nintendo Switch, PlayStation 4, Xbox One","Action, Adventure",20
Tom Clancy’s The Division 2,division-2,"Web, PC, PlayStation 4, Xbox One","Action, Shooter",71
SPORE,spore,PC,"Simulation, Family",69

